Draw,Date,1,2,3,4,5,6,Bonus,Bonus 2nd,Powerball
1,1987-08-01,4,29,16,40,8,32,30,,
2,1987-08-08,3,9,39,13,36,20,38,,
3,1987-08-15,11,26,18,39,22,5,38,,
4,1987-08-22,35,2,29,10,4,11,14,,
5,1987-08-29,23,7,3,8,12,11,15,,
6,1987-09-05,12,20,17,39,31,1,4,,
7,1987-09-12,14,1,34,23,5,28,10,,
8,1987-09-19,13,17,26,38,8,37,19,,
9,1987-09-26,15,2,32,27,4,9,37,,
10,1987-10-03,19,20,11,4,28,18,2,,
11,1987-10-10,36,12,20,39,15,11,5,,
12,1987-10-17,18,9,31,21,6,37,33,,
13,1987-10-24,37,5,27,3,30,15,28,,
14,1987-10-31,39,30,20,23,28,26,1,,
15,1987-11-07,37,29,18,23,17,32,8,,
16,1987-11-14,35,7,20,37,36,31,6,,
17,1987-11-21,39,18,27,30,6,17,7,,
18,1987-11-28,1,34,15,18,33,28,5,,
19,1987-12-05,24,40,32,10,7,34,18,,
20,1987-12-12,29,9,8,32,5,18,6,,
21,1987-12-19,38,5,17,37,15,20,18,,
22,1987-12-26,18,9,25,39,29,38,40,,
23,1988-01-02,40,38,26,13,17,27,36,,
24,1988-01-09,35,31,9,22,34,12,24,,
25,1988-01-16,12,16,34,29,8,5,2,,
26,1988-01-23,7,15,24,38,27,39,19,,
27,1988-01-30,14,28,7,29,3,5,25,,
28,1988-02-06,23,13,10,3,15,33,6,,
29,1988-02-13,21,24,32,22,25,31,15,,
30,1988-02-20,35,39,40,37,15,6,8,,
31,1988-02-27,14,34,10,17,11,5,32,,
32,1988-03-05,32,20,24,30,16,33,8,,
33,1988-03-12,19,39,7,14,3,24,37,,
34,1988-03-19,2,7,18,20,40,12,17,,
35,1988-03-26,1,20,8,39,27,30,21,,
36,1988-04-02,34,22,5,31,11,27,7,,
37,1988-04-09,39,21,2,8,6,23,14,,
38,1988-04-16,29,14,8,38,13,39,5,,
39,1988-04-23,7,17,11,19,37,36,8,,
40,1988-04-30,20,27,30,3,2,24,31,,
41,1988-05-07,2,3,11,12,34,25,39,,
42,1988-05-14,40,29,31,8,14,24,32,,
43,1988-05-21,28,9,14,36,17,37,8,,
44,1988-05-28,4,7,12,9,33,31,30,,
45,1988-06-04,30,13,8,2,24,31,1,,
46,1988-06-11,34,9,10,11,14,6,30,,
47,1988-06-18,20,32,23,21,22,34,29,,
48,1988-06-25,37,29,14,21,38,30,12,,
49,1988-07-02,9,29,13,25,22,4,36,,
50,1988-07-09,24,37,13,15,33,28,32,,
51,1988-07-16,36,19,35,11,27,24,40,,
52,1988-07-23,4,35,33,24,30,8,2,,
53,1988-07-30,22,34,18,32,25,21,17,,
54,1988-08-06,1,39,29,16,22,40,33,,
55,1988-08-13,31,38,16,20,11,23,4,,
56,1988-08-20,12,6,5,27,9,29,33,,
57,1988-08-27,16,13,7,18,22,37,11,,
58,1988-09-03,29,12,3,23,37,11,39,,
59,1988-09-10,36,12,9,5,40,10,21,,
60,1988-09-17,5,34,36,32,8,23,14,,
61,1988-09-24,21,8,1,36,2,12,38,,
62,1988-10-01,23,28,3,2,18,20,25,,
63,1988-10-08,30,27,22,39,34,19,36,,
64,1988-10-15,39,1,25,22,27,37,29,,
65,1988-10-22,38,16,30,6,9,32,13,,
66,1988-10-29,22,40,17,38,19,26,11,,
67,1988-11-05,13,36,9,29,27,19,22,,
68,1988-11-12,6,12,9,38,39,31,26,,
69,1988-11-19,14,25,10,17,38,36,5,,
70,1988-11-26,30,23,21,32,29,7,25,,
71,1988-12-03,40,2,3,30,35,25,14,,
72,1988-12-10,21,39,20,40,22,17,36,,
73,1988-12-17,5,34,16,20,15,6,36,,
74,1988-12-24,12,39,1,35,37,34,19,,
75,1988-12-31,28,6,9,1,15,17,40,,
76,1989-01-07,27,26,21,5,36,10,22,,
77,1989-01-14,13,20,4,28,16,18,6,,
78,1989-01-21,18,22,31,25,35,37,16,,
79,1989-01-28,19,17,35,10,21,26,25,,
80,1989-02-04,23,21,24,5,8,28,30,,
81,1989-02-11,2,38,30,1,29,3,23,,
82,1989-02-18,10,3,23,38,8,4,16,,
83,1989-02-25,37,27,17,7,33,10,23,,
84,1989-03-04,31,6,1,17,16,33,19,,
85,1989-03-11,40,6,37,33,22,1,20,,
86,1989-03-18,4,5,18,29,27,11,9,,
87,1989-03-25,25,11,37,29,38,33,18,,
88,1989-04-01,4,31,3,16,33,36,14,,
89,1989-04-08,17,27,10,38,16,29,13,,
90,1989-04-15,6,28,2,13,24,18,36,,
91,1989-04-22,34,35,18,5,25,38,32,,
92,1989-04-29,26,4,19,2,28,35,37,,
93,1989-05-06,38,30,35,36,6,7,31,,
94,1989-05-13,35,4,12,33,19,26,14,,
95,1989-05-20,3,23,34,14,11,12,35,,
96,1989-05-27,38,32,21,27,11,2,35,,
97,1989-06-03,14,18,29,23,24,16,6,,
98,1989-06-10,40,26,30,1,12,9,36,,
99,1989-06-17,3,15,16,31,21,14,20,,
100,1989-06-24,30,14,9,24,18,29,7,,
101,1989-07-01,21,6,36,37,11,12,10,,
102,1989-07-08,4,19,6,18,37,39,36,,
103,1989-07-15,24,33,6,30,2,9,8,,
104,1989-07-22,34,17,40,14,26,7,8,,
105,1989-07-29,27,11,25,39,31,15,38,,
106,1989-08-05,14,22,10,27,4,29,7,,
107,1989-08-12,25,15,6,12,35,27,28,,
108,1989-08-19,18,10,30,19,35,34,6,,
109,1989-08-26,21,5,2,32,37,16,39,,
110,1989-09-02,1,31,39,36,23,35,18,,
111,1989-09-09,25,24,18,29,16,19,26,,
112,1989-09-16,39,36,21,35,22,14,29,,
113,1989-09-23,18,2,35,33,6,36,1,,
114,1989-09-30,40,7,2,16,27,21,22,,
115,1989-10-07,18,27,7,30,14,13,40,,
116,1989-10-14,11,29,34,14,8,12,16,,
117,1989-10-21,5,19,39,1,9,31,17,,
118,1989-10-28,37,9,30,1,27,33,17,,
119,1989-11-04,33,28,23,12,34,17,8,,
120,1989-11-11,26,6,13,19,34,39,4,,
121,1989-11-18,29,26,6,27,8,13,2,,
122,1989-11-25,26,20,11,1,40,13,9,,
123,1989-12-02,36,5,23,26,33,20,40,,
124,1989-12-09,33,15,14,11,40,1,39,,
125,1989-12-16,18,32,15,17,19,26,24,,
126,1989-12-23,32,3,38,25,14,28,10,,
127,1989-12-30,3,10,7,27,26,39,31,,
128,1990-01-06,1,27,13,19,3,6,2,,
129,1990-01-13,5,35,26,25,30,17,33,,
130,1990-01-20,22,11,8,3,12,19,2,,
131,1990-01-27,39,18,40,32,3,2,21,,
132,1990-02-03,25,39,21,13,31,37,27,,
133,1990-02-10,12,5,8,26,16,1,20,,
134,1990-02-17,21,26,11,33,2,35,22,,
135,1990-02-24,23,19,6,13,38,8,33,,
136,1990-03-03,12,32,35,14,33,36,28,,
137,1990-03-10,31,13,4,16,2,8,32,,
138,1990-03-17,1,18,29,40,25,7,30,,
139,1990-03-24,35,13,21,16,22,30,27,,
140,1990-03-31,8,40,27,30,37,12,38,,
141,1990-04-07,32,19,18,4,28,6,24,,
142,1990-04-14,24,7,4,35,18,29,12,,
143,1990-04-21,34,37,3,16,18,2,6,,
144,1990-04-28,14,37,8,36,1,10,22,,
145,1990-05-05,26,28,12,17,22,7,13,,
146,1990-05-12,4,40,21,6,33,16,32,,
147,1990-05-19,3,11,25,26,35,38,17,,
148,1990-05-26,31,35,33,12,28,8,7,,
149,1990-06-02,17,10,31,4,23,5,12,,
150,1990-06-09,22,18,12,15,27,20,21,,
151,1990-06-16,24,29,6,7,35,22,21,,
152,1990-06-23,10,33,14,2,24,7,12,,
153,1990-06-30,29,31,28,40,38,2,22,,
154,1990-07-07,40,10,20,38,33,36,16,,
155,1990-07-14,4,29,7,37,18,9,40,,
156,1990-07-21,8,22,4,18,10,21,28,,
157,1990-07-28,26,28,39,36,25,17,7,,
158,1990-08-04,11,27,22,35,29,19,37,,
159,1990-08-11,8,29,21,37,34,24,27,,
160,1990-08-18,18,35,13,20,25,27,34,,
161,1990-08-25,25,35,5,12,4,14,1,,
162,1990-09-01,22,26,10,40,36,35,14,,
163,1990-09-08,8,25,38,24,9,17,31,,
164,1990-09-15,30,38,1,10,40,15,16,,
165,1990-09-22,10,32,2,40,3,18,12,,
166,1990-09-29,14,1,24,37,17,18,29,,
167,1990-10-06,32,24,10,4,2,17,37,,
168,1990-10-13,14,4,32,9,2,28,21,,
169,1990-10-20,5,18,20,24,1,33,25,,
170,1990-10-27,35,37,28,30,21,33,11,,
171,1990-11-03,3,1,6,32,11,24,8,,
172,1990-11-10,32,29,16,37,24,22,27,,
173,1990-11-17,40,14,7,2,22,11,24,,
174,1990-11-24,17,25,36,14,18,2,20,,
175,1990-12-01,39,12,33,35,27,19,23,,
176,1990-12-08,7,14,8,1,37,25,9,,
177,1990-12-15,21,15,9,6,18,16,35,,
178,1990-12-22,4,26,3,20,15,18,28,,
179,1990-12-29,35,26,15,6,11,18,24,,
180,1991-01-05,9,13,24,4,31,11,26,,
181,1991-01-12,16,12,13,28,24,22,1,,
182,1991-01-19,30,24,15,19,3,14,2,,
183,1991-01-26,30,39,40,15,23,37,36,,
184,1991-02-02,11,16,8,26,15,21,33,,
185,1991-02-09,28,20,33,34,22,18,7,,
186,1991-02-16,22,20,30,1,8,38,40,,
187,1991-02-23,38,40,9,25,31,6,3,,
188,1991-03-02,5,37,39,28,1,7,15,,
189,1991-03-09,16,22,26,19,23,18,27,,
190,1991-03-16,27,37,32,22,13,29,2,,
191,1991-03-23,16,11,40,34,5,2,18,,
192,1991-03-30,23,26,13,31,36,20,22,,
193,1991-04-06,22,9,1,32,26,10,40,,
194,1991-04-13,1,14,30,39,29,7,17,,
195,1991-04-20,27,36,14,7,30,15,39,,
196,1991-04-27,32,6,39,16,4,24,40,,
197,1991-05-04,30,17,36,12,22,8,3,,
198,1991-05-11,24,1,6,16,39,38,5,,
199,1991-05-18,32,37,18,26,38,1,40,,
200,1991-05-25,29,24,13,1,34,26,6,,
201,1991-06-01,11,16,5,28,29,30,37,,
202,1991-06-08,3,34,15,38,8,29,26,,
203,1991-06-15,26,10,3,30,25,24,12,,
204,1991-06-22,19,15,34,11,24,29,18,,
205,1991-06-29,22,28,5,38,34,39,13,,
206,1991-07-06,25,21,23,33,35,38,10,,
207,1991-07-13,3,2,6,14,1,30,7,,
208,1991-07-20,34,18,5,32,9,15,29,,
209,1991-07-27,31,32,1,18,33,23,36,,
210,1991-08-03,17,37,12,22,33,30,7,,
211,1991-08-10,16,27,29,2,6,12,32,,
212,1991-08-17,31,1,8,30,29,12,14,,
213,1991-08-24,20,7,17,28,5,39,38,,
214,1991-08-31,29,34,36,25,7,16,3,,
215,1991-09-07,10,27,37,7,34,12,31,,
216,1991-09-14,2,25,26,4,36,39,24,,
217,1991-09-21,17,27,21,40,12,23,34,,
218,1991-09-28,36,12,7,11,26,14,24,,
219,1991-10-05,6,12,1,15,35,36,4,,
220,1991-10-12,34,22,30,16,11,3,37,,
221,1991-10-19,11,27,12,13,8,3,20,,
222,1991-10-26,7,37,22,36,11,21,17,,
223,1991-11-02,22,17,7,4,40,32,20,,
224,1991-11-09,28,34,5,13,15,39,25,,
225,1991-11-16,13,21,22,18,27,16,30,,
226,1991-11-23,15,5,36,40,32,10,27,,
227,1991-11-30,20,6,19,26,8,7,15,,
228,1991-12-07,39,33,27,20,30,17,1,,
229,1991-12-14,16,37,29,24,3,10,32,,
230,1991-12-21,10,5,1,16,40,38,6,,
231,1991-12-28,25,5,1,13,21,10,26,,
232,1992-01-04,1,20,36,13,25,31,3,,
233,1992-01-11,37,23,19,8,12,15,34,,
234,1992-01-18,14,17,37,6,27,38,23,,
235,1992-01-25,28,25,38,17,24,12,9,,
236,1992-02-01,35,20,26,28,5,15,11,,
237,1992-02-08,20,5,13,22,14,36,38,,
238,1992-02-15,39,1,40,9,20,37,12,,
239,1992-02-22,3,22,27,38,2,40,13,,
240,1992-02-29,39,8,17,36,7,28,12,,
241,1992-03-07,20,35,1,33,5,27,31,,
242,1992-03-14,40,38,6,34,32,36,19,,
243,1992-03-21,6,25,33,27,8,1,37,,
244,1992-03-28,20,7,14,19,32,11,36,,
245,1992-04-04,17,3,8,26,25,38,9,,
246,1992-04-11,26,10,9,13,39,22,17,,
247,1992-04-18,27,38,12,35,25,17,9,,
248,1992-04-25,4,28,15,3,20,37,7,,
249,1992-05-02,24,5,8,40,35,38,11,,
250,1992-05-09,40,10,18,1,35,20,14,,
251,1992-05-16,16,37,15,21,8,35,2,,
252,1992-05-23,24,2,9,3,25,22,30,,
253,1992-05-30,7,21,32,4,36,6,2,,
254,1992-06-06,8,7,37,34,21,11,18,,
255,1992-06-13,25,13,28,4,5,18,2,,
256,1992-06-20,16,38,28,34,12,20,29,,
257,1992-06-27,15,5,17,26,34,4,6,,
258,1992-07-04,8,13,16,9,4,32,27,,
259,1992-07-11,29,39,15,30,40,23,8,,
260,1992-07-18,13,15,38,2,40,8,16,,
261,1992-07-25,16,28,13,6,36,12,22,,
262,1992-08-01,39,19,7,28,5,18,9,,
263,1992-08-08,2,32,8,31,30,5,26,,
264,1992-08-15,24,4,29,14,5,17,35,,
265,1992-08-22,24,32,31,14,17,10,37,,
266,1992-08-29,23,35,19,14,29,3,4,,
267,1992-09-05,24,26,32,16,10,22,28,,
268,1992-09-12,37,24,16,27,30,21,22,,
269,1992-09-19,39,37,21,3,26,12,29,,
270,1992-09-26,40,38,9,30,1,10,39,,
271,1992-10-03,5,22,25,7,31,38,2,,
272,1992-10-10,11,12,21,17,39,33,10,,
273,1992-10-17,13,28,23,6,18,34,14,,
274,1992-10-24,6,17,24,1,5,10,9,,
275,1992-10-31,24,22,3,13,7,38,14,,
276,1992-11-07,1,22,33,2,25,18,11,,
277,1992-11-14,5,22,25,3,1,37,36,,
278,1992-11-21,7,33,19,38,34,37,13,,
279,1992-11-28,15,6,14,11,27,36,20,,
280,1992-12-05,38,4,35,23,16,14,13,,
281,1992-12-12,3,25,6,16,38,5,31,,
282,1992-12-19,35,17,3,34,38,29,40,,
283,1992-12-26,10,29,19,24,16,33,30,,
284,1993-01-02,22,38,2,21,14,24,10,,
285,1993-01-09,19,5,29,31,12,28,38,,
286,1993-01-16,3,2,14,7,8,26,31,,
287,1993-01-23,21,1,29,15,22,12,24,,
288,1993-01-30,39,35,12,13,8,6,21,,
289,1993-02-06,38,19,28,1,7,23,10,,
290,1993-02-13,4,6,3,10,19,38,16,,
291,1993-02-20,30,4,28,9,12,36,35,,
292,1993-02-27,17,32,25,30,38,20,39,,
293,1993-03-06,15,31,3,5,40,17,9,,
294,1993-03-13,9,5,31,27,19,25,22,,
295,1993-03-20,32,26,3,39,24,28,35,,
296,1993-03-27,28,6,26,15,7,33,30,,
297,1993-04-03,7,36,8,1,31,4,18,,
298,1993-04-10,12,24,27,28,33,36,4,,
299,1993-04-17,6,8,9,21,28,34,15,,
300,1993-04-24,12,18,26,27,28,37,24,,
301,1993-05-01,5,8,21,23,25,31,9,,
302,1993-05-08,4,11,18,35,37,39,36,,
303,1993-05-15,7,8,19,36,39,40,4,,
304,1993-05-22,2,10,13,14,30,31,12,,
305,1993-05-29,7,11,13,14,22,36,18,,
306,1993-06-05,6,31,34,35,36,37,33,,
307,1993-06-12,7,12,14,16,22,34,5,,
308,1993-06-19,2,15,21,28,32,36,24,,
309,1993-06-26,4,5,20,26,27,31,34,,
310,1993-07-03,6,13,15,18,27,29,8,,
311,1993-07-10,2,13,16,21,37,39,32,,
312,1993-07-17,9,18,20,25,36,39,22,,
313,1993-07-24,12,13,14,16,17,23,38,,
314,1993-07-31,10,15,24,33,37,40,5,,
315,1993-08-07,1,12,19,24,26,32,10,,
316,1993-08-14,3,4,5,19,20,23,7,,
317,1993-08-21,1,7,10,15,20,35,29,,
318,1993-08-28,1,9,11,23,26,34,18,,
319,1993-09-04,9,11,22,34,35,40,20,,
320,1993-09-11,31,32,33,35,36,38,11,,
321,1993-09-18,1,4,12,21,30,32,14,,
322,1993-09-25,12,16,18,21,29,40,19,,
323,1993-10-02,3,8,15,19,25,30,11,,
324,1993-10-09,4,7,13,31,33,34,14,,
325,1993-10-16,2,7,20,26,28,30,23,,
326,1993-10-23,3,7,21,31,33,35,12,,
327,1993-10-30,3,21,23,24,27,28,29,,
328,1993-11-06,2,6,16,20,26,33,15,,
329,1993-11-13,3,4,18,20,26,31,13,,
330,1993-11-20,7,12,13,14,21,24,9,,
331,1993-11-27,5,8,15,22,30,34,31,,
332,1993-12-04,4,10,20,21,32,34,6,,
333,1993-12-11,8,14,20,29,36,39,35,,
334,1993-12-18,1,7,10,20,34,40,16,,
335,1993-12-25,6,14,33,34,36,38,19,,
336,1994-01-01,1,21,32,34,38,40,16,,
337,1994-01-08,6,13,15,20,30,38,16,,
338,1994-01-15,2,4,8,14,33,38,36,,
339,1994-01-22,5,15,22,33,37,40,25,,
340,1994-01-29,7,11,13,17,26,28,30,,
341,1994-02-05,6,11,14,17,19,40,30,,
342,1994-02-12,1,7,10,12,23,39,5,,
343,1994-02-19,1,4,24,30,35,36,8,,
344,1994-02-26,7,9,10,28,34,40,15,,
345,1994-03-05,1,4,5,21,27,37,26,,
346,1994-03-12,11,13,17,18,32,36,37,,
347,1994-03-19,6,10,19,25,30,38,31,,
348,1994-03-26,1,7,8,20,34,40,35,,
349,1994-04-02,4,8,32,34,37,38,2,,
350,1994-04-09,6,13,22,25,28,33,27,,
351,1994-04-16,2,7,22,25,33,34,32,,
352,1994-04-23,3,7,9,17,32,33,28,,
353,1994-04-30,7,28,29,30,32,37,31,,
354,1994-05-07,5,6,18,22,30,34,3,,
355,1994-05-14,8,19,20,24,35,39,1,,
356,1994-05-21,1,8,14,33,37,38,11,,
357,1994-05-28,17,21,33,35,37,39,32,,
358,1994-06-04,6,19,25,29,31,33,22,,
359,1994-06-11,4,9,22,32,35,38,25,,
360,1994-06-18,2,24,29,31,35,37,22,,
361,1994-06-25,1,9,10,23,24,30,6,,
362,1994-07-02,10,11,14,23,24,31,29,,
363,1994-07-09,9,15,18,19,31,39,40,,
364,1994-07-16,1,7,20,28,30,38,2,,
365,1994-07-23,7,21,25,26,36,39,34,,
366,1994-07-30,17,18,23,30,39,40,15,,
367,1994-08-06,9,10,12,14,22,23,27,,
368,1994-08-13,5,7,12,28,33,34,22,,
369,1994-08-20,4,10,12,23,25,35,40,,
370,1994-08-27,11,14,18,22,26,38,25,,
371,1994-09-03,3,10,14,21,24,32,5,,
372,1994-09-10,6,7,9,22,25,36,10,,
373,1994-09-17,7,9,30,31,38,40,34,,
374,1994-09-24,9,20,22,25,30,39,31,,
375,1994-10-01,2,6,7,16,21,40,9,,
376,1994-10-08,2,14,18,24,26,38,3,,
377,1994-10-15,1,14,16,25,37,39,20,,
378,1994-10-22,14,17,28,32,35,39,29,,
379,1994-10-29,23,25,26,27,34,35,22,,
380,1994-11-05,10,11,24,27,32,40,8,,
381,1994-11-12,8,10,12,21,22,26,11,,
382,1994-11-19,5,21,28,34,35,36,23,,
383,1994-11-26,5,12,16,19,24,27,26,,
384,1994-12-03,7,8,10,16,17,40,31,,
385,1994-12-10,9,17,21,27,35,36,5,,
386,1994-12-17,1,8,12,22,30,39,24,,
387,1994-12-24,16,17,23,30,32,38,29,,
388,1994-12-31,16,19,24,27,31,39,8,,
389,1995-01-07,1,7,15,21,31,37,40,,
390,1995-01-14,19,21,22,34,36,39,38,,
391,1995-01-21,1,21,22,24,33,40,25,,
392,1995-01-28,5,8,15,23,33,37,16,,
393,1995-02-04,1,21,22,28,31,40,35,,
394,1995-02-11,8,15,19,24,31,40,17,,
395,1995-02-18,3,4,20,25,26,37,10,,
396,1995-02-25,7,11,26,29,31,37,9,,
397,1995-03-04,7,8,9,13,21,32,39,,
398,1995-03-11,2,4,12,17,22,25,15,,
399,1995-03-18,17,20,22,31,36,38,10,,
400,1995-03-25,4,14,22,32,36,39,27,,
401,1995-04-01,2,3,15,16,22,39,8,,
402,1995-04-08,5,6,11,17,31,34,21,,
403,1995-04-15,4,5,13,15,16,21,34,,
404,1995-04-22,2,3,21,23,29,33,34,,
405,1995-04-29,2,3,12,15,18,26,8,,
406,1995-05-06,4,24,26,30,33,37,2,,
407,1995-05-13,4,18,27,28,30,39,24,,
408,1995-05-20,2,3,13,22,25,35,11,,
409,1995-05-27,7,9,11,17,18,28,5,,
410,1995-06-03,8,21,23,28,30,32,35,,
411,1995-06-10,2,6,10,21,31,35,5,,
412,1995-06-17,5,17,18,19,31,36,30,,
413,1995-06-24,1,3,5,26,27,35,7,,
414,1995-07-01,4,14,20,24,27,31,18,,
415,1995-07-08,7,10,17,22,34,38,32,,
416,1995-07-15,5,6,7,8,15,22,14,,
417,1995-07-22,5,14,18,20,30,31,27,,
418,1995-07-29,9,19,22,28,32,34,6,,
419,1995-08-05,6,8,16,20,23,25,17,,
420,1995-08-12,3,20,25,36,37,38,21,,
421,1995-08-19,2,7,10,30,33,39,6,,
422,1995-08-26,1,3,12,16,26,40,19,,
423,1995-09-02,4,13,14,16,19,22,5,,
424,1995-09-09,4,9,16,24,28,33,36,,
425,1995-09-16,4,13,21,24,28,38,25,,
426,1995-09-23,9,12,19,21,37,40,36,,
427,1995-09-30,2,5,14,29,39,40,24,,
428,1995-10-07,1,4,21,22,28,30,27,,
429,1995-10-14,1,4,11,15,19,24,5,,
430,1995-10-21,3,12,13,19,24,28,39,,
431,1995-10-28,4,7,12,14,35,38,23,,
432,1995-11-04,5,26,29,35,38,39,17,,
433,1995-11-11,1,7,15,20,37,38,18,,
434,1995-11-18,5,15,19,27,29,33,21,,
435,1995-11-25,11,19,20,24,33,35,16,,
436,1995-12-02,15,20,25,29,33,38,17,,
437,1995-12-09,1,5,7,18,20,40,8,,
438,1995-12-16,9,15,23,28,33,34,29,,
439,1995-12-23,8,12,23,25,29,30,39,,
440,1995-12-30,1,8,9,19,22,30,23,,
441,1996-01-06,2,14,16,22,23,34,28,,
442,1996-01-13,1,11,22,31,33,34,3,,
443,1996-01-20,8,20,22,25,32,34,18,,
444,1996-01-27,6,8,13,15,38,39,19,,
445,1996-02-03,5,12,13,32,33,38,2,,
446,1996-02-10,5,10,19,20,27,30,33,,
447,1996-02-17,7,10,15,23,24,27,37,,
448,1996-02-24,1,5,22,25,28,30,2,,
449,1996-03-02,7,21,26,29,36,37,12,,
450,1996-03-09,3,11,16,28,30,40,2,,
451,1996-03-16,6,13,18,20,22,24,40,,
452,1996-03-23,12,22,25,28,34,40,11,,
453,1996-03-30,5,14,20,36,39,40,29,,
454,1996-04-06,5,11,15,18,24,29,40,,
455,1996-04-13,5,11,23,29,35,39,19,,
456,1996-04-20,7,11,15,17,31,33,2,,
457,1996-04-27,6,12,15,19,25,29,31,,
458,1996-05-04,8,9,13,20,23,36,38,,
459,1996-05-11,4,13,14,25,26,37,35,,
460,1996-05-18,2,15,17,21,24,38,23,,
461,1996-05-25,3,4,6,12,26,32,1,,
462,1996-06-01,2,3,18,21,26,36,38,,
463,1996-06-08,3,5,9,14,19,22,39,,
464,1996-06-15,11,20,24,25,29,40,1,,
465,1996-06-22,4,6,11,12,19,20,13,,
466,1996-06-29,15,16,18,23,25,40,11,,
467,1996-07-06,1,9,24,26,33,36,17,,
468,1996-07-13,1,11,12,14,15,34,17,,
469,1996-07-20,5,9,15,22,24,36,39,,
470,1996-07-27,9,13,14,16,18,30,19,,
471,1996-08-03,8,14,18,20,28,31,12,,
472,1996-08-10,2,5,11,13,19,28,26,,
473,1996-08-17,5,9,10,15,21,30,6,,
474,1996-08-24,3,7,8,21,29,39,40,,
475,1996-08-31,6,11,13,27,28,29,35,,
476,1996-09-07,12,21,25,27,34,37,40,,
477,1996-09-14,2,3,11,12,26,39,4,,
478,1996-09-21,9,13,29,30,33,34,35,,
479,1996-09-28,9,10,12,15,21,26,17,,
480,1996-10-05,8,18,20,22,29,33,25,,
481,1996-10-12,7,14,16,24,28,40,29,,
482,1996-10-19,11,12,17,25,28,37,19,,
483,1996-10-26,12,14,25,27,31,33,19,,
484,1996-11-02,1,3,20,21,27,31,6,,
485,1996-11-09,1,9,10,23,29,34,32,,
486,1996-11-16,6,13,22,38,39,40,24,,
487,1996-11-23,4,5,7,12,15,39,13,,
488,1996-11-30,2,10,12,16,19,23,7,,
489,1996-12-07,1,6,20,26,27,30,14,,
490,1996-12-14,10,12,19,22,34,35,26,,
491,1996-12-21,8,13,15,23,24,32,6,,
492,1996-12-28,1,2,8,10,17,33,27,,
493,1997-01-04,4,11,14,26,32,38,16,,
494,1997-01-11,1,8,12,30,33,38,29,,
495,1997-01-18,1,7,20,22,24,30,14,,
496,1997-01-25,1,11,22,26,33,39,40,,
497,1997-02-01,8,12,15,19,26,30,36,,
498,1997-02-08,2,7,9,10,16,25,23,,
499,1997-02-15,2,11,14,16,19,40,33,,
500,1997-02-22,3,8,17,18,38,40,21,,
501,1997-03-01,4,10,23,25,26,35,11,,
502,1997-03-08,15,18,21,24,30,32,11,,
503,1997-03-15,14,18,21,30,34,36,5,,
504,1997-03-22,1,2,5,9,26,31,37,,
505,1997-03-29,7,10,29,32,33,39,23,,
506,1997-04-05,3,10,27,28,31,33,1,,
507,1997-04-12,11,14,19,33,34,35,25,,
508,1997-04-19,2,7,10,15,21,35,19,,
509,1997-04-26,15,16,32,36,38,39,5,,
510,1997-05-03,9,24,28,30,36,39,40,,
511,1997-05-10,1,3,4,25,35,40,10,,
512,1997-05-17,4,5,13,33,34,39,24,,
513,1997-05-24,9,16,20,21,30,31,13,,
514,1997-05-31,1,6,13,22,23,35,2,,
515,1997-06-07,9,19,20,27,32,35,7,,
516,1997-06-14,13,19,22,34,35,37,7,,
517,1997-06-21,2,3,7,9,13,15,22,,
518,1997-06-28,9,14,21,30,34,40,32,,
519,1997-07-05,3,6,14,17,31,33,10,,
520,1997-07-12,7,24,26,27,30,32,16,,
521,1997-07-19,4,5,9,12,20,37,33,,
522,1997-07-26,2,5,9,15,22,34,21,,
523,1997-08-02,6,10,19,20,37,39,13,,
524,1997-08-09,3,8,13,18,25,39,12,,
525,1997-08-16,1,6,10,19,31,38,27,,
526,1997-08-23,2,6,18,22,31,39,20,,
527,1997-08-30,6,19,22,29,32,33,17,,
528,1997-09-06,18,20,23,31,35,40,26,,
529,1997-09-13,1,13,15,23,30,40,26,,
530,1997-09-20,2,7,16,18,21,34,9,,
531,1997-09-27,12,17,20,29,34,38,31,,
532,1997-10-04,12,17,20,31,32,33,10,,
533,1997-10-11,9,15,17,25,27,36,7,,
534,1997-10-18,4,5,8,21,31,38,11,,
535,1997-10-25,6,17,22,23,26,38,36,,
536,1997-11-01,1,12,15,25,32,34,22,,
537,1997-11-08,8,25,28,31,33,39,16,,
538,1997-11-15,9,14,18,20,25,36,7,,
539,1997-11-22,3,7,16,19,20,34,5,,
540,1997-11-29,12,16,20,22,33,38,25,,
541,1997-12-06,2,6,11,13,17,30,18,,
542,1997-12-13,14,22,24,29,32,37,23,,
543,1997-12-20,3,15,17,20,26,31,7,,
544,1997-12-27,4,7,19,24,26,40,23,,
545,1997-12-31,7,10,12,27,31,32,17,,
546,1998-01-03,8,24,25,31,32,37,30,,
547,1998-01-10,7,9,21,26,33,37,40,,
548,1998-01-17,10,12,16,18,22,40,5,,
549,1998-01-24,3,8,14,15,18,24,26,,
550,1998-01-31,1,6,22,24,26,31,34,,
551,1998-02-07,2,3,6,9,17,20,21,,
552,1998-02-14,3,6,10,17,25,36,26,,
553,1998-02-21,1,9,11,26,35,39,38,,
554,1998-02-28,4,8,9,11,30,34,36,,
555,1998-03-07,3,4,9,17,23,38,5,,
556,1998-03-14,14,8,34,29,33,25,9,,
557,1998-03-21,13,11,39,18,14,32,37,,
558,1998-03-28,33,8,13,17,34,37,27,,
559,1998-04-04,4,39,18,8,35,7,34,,
560,1998-04-11,2,3,15,27,24,9,21,,
561,1998-04-18,1,33,2,11,3,25,36,,
562,1998-04-25,31,22,36,27,34,11,8,,
563,1998-05-02,24,18,29,16,11,6,31,,
564,1998-05-09,8,1,18,19,26,10,7,,
565,1998-05-16,13,1,38,11,17,31,37,,
566,1998-05-23,19,1,2,14,26,18,30,,
567,1998-05-30,34,20,4,7,19,28,15,,
568,1998-06-06,10,29,11,22,12,5,35,,
569,1998-06-13,32,11,21,16,37,6,12,,
570,1998-06-20,35,15,12,29,34,4,9,,
571,1998-06-27,28,35,5,33,29,6,20,,
572,1998-07-04,11,19,15,39,18,12,32,,
573,1998-07-11,10,14,27,2,1,29,19,,
574,1998-07-18,31,18,1,34,29,13,4,,
575,1998-07-25,25,19,40,16,31,14,5,,
576,1998-08-01,8,12,7,9,2,10,19,,
577,1998-08-08,6,20,12,8,37,7,40,,
578,1998-08-15,13,12,30,32,10,4,22,,
579,1998-08-22,33,12,36,34,21,39,9,,
580,1998-08-29,19,5,38,8,36,12,3,,
581,1998-09-05,35,36,13,16,1,39,19,,
582,1998-09-12,19,40,5,9,15,13,38,,
583,1998-09-19,8,34,30,7,24,23,1,,
584,1998-09-26,21,34,10,39,14,29,7,,
585,1998-10-03,10,12,40,19,8,16,29,,
586,1998-10-10,40,2,1,5,3,18,16,,
587,1998-10-17,36,14,24,2,12,40,38,,
588,1998-10-24,16,8,9,28,22,6,5,,
589,1998-10-31,27,2,32,7,34,20,18,,
590,1998-11-07,31,8,37,6,10,27,39,,
591,1998-11-14,1,11,33,31,5,7,2,,
592,1998-11-21,18,28,2,25,16,34,9,,
593,1998-11-28,36,32,38,33,34,13,4,,
594,1998-12-05,40,21,26,17,7,9,35,,
595,1998-12-12,18,33,12,5,39,26,2,,
596,1998-12-19,37,4,18,13,21,3,28,,
597,1998-12-26,18,9,20,23,33,7,39,,
598,1998-12-31,24,26,15,30,7,5,37,,
599,1999-01-02,33,12,26,35,38,22,29,,
600,1999-01-09,34,24,5,25,10,35,19,,
601,1999-01-16,31,28,12,9,1,26,40,,
602,1999-01-23,6,36,25,8,29,35,38,,
603,1999-01-30,10,21,20,3,24,36,18,,
604,1999-02-06,24,3,23,21,38,26,34,,
605,1999-02-13,8,5,13,33,31,28,21,,
606,1999-02-20,7,4,38,25,16,22,39,,
607,1999-02-27,24,6,15,33,27,23,9,,
608,1999-03-06,27,22,26,21,18,6,10,,
609,1999-03-13,12,1,27,32,2,26,31,,
610,1999-03-20,19,33,26,14,39,38,7,,
611,1999-03-27,23,37,26,16,2,38,39,,
612,1999-04-03,5,4,38,18,20,36,29,,
613,1999-04-10,33,35,28,32,13,23,4,,
614,1999-04-17,20,35,18,10,28,5,14,,
615,1999-04-24,2,28,5,7,13,9,26,,
616,1999-05-01,32,38,19,21,27,13,26,,
617,1999-05-08,33,23,29,16,20,37,9,,
618,1999-05-15,6,40,28,19,16,23,33,,
619,1999-05-22,13,19,23,26,25,3,4,,
620,1999-05-29,5,25,3,31,19,33,11,,
621,1999-06-05,25,17,40,1,39,7,18,,
622,1999-06-12,7,32,21,26,8,27,35,,
623,1999-06-19,31,7,3,28,10,33,18,,
624,1999-06-26,40,39,15,36,34,26,2,,
625,1999-07-03,1,2,12,9,37,25,3,,
626,1999-07-10,30,33,3,38,28,39,11,,
627,1999-07-17,37,8,10,2,25,22,34,,
628,1999-07-24,19,11,16,27,13,14,39,,
629,1999-07-31,27,1,22,9,13,2,39,,
630,1999-08-07,40,39,4,18,26,21,2,,
631,1999-08-14,28,25,11,17,36,37,8,,
632,1999-08-21,3,15,37,38,1,30,22,,
633,1999-08-28,24,27,39,15,26,10,20,,
634,1999-09-04,36,14,13,34,4,21,3,,
635,1999-09-11,7,37,25,23,1,14,3,,
636,1999-09-18,22,8,39,15,4,11,1,,
637,1999-09-25,20,13,10,3,22,40,30,,
638,1999-10-02,21,20,16,24,32,18,17,,
639,1999-10-09,36,39,35,33,16,3,17,,
640,1999-10-16,38,8,17,23,32,30,16,,
641,1999-10-23,15,25,39,10,34,23,8,,
642,1999-10-30,11,4,17,7,35,12,32,,
643,1999-11-06,37,38,9,20,19,36,31,,
644,1999-11-13,21,27,22,23,2,31,40,,
645,1999-11-20,4,6,34,3,2,28,18,,
646,1999-11-27,13,23,18,34,8,3,20,,
647,1999-12-04,9,37,31,29,13,11,6,,
648,1999-12-11,12,27,13,32,15,14,16,,
649,1999-12-18,13,24,29,22,21,19,30,,
650,1999-12-25,34,38,29,21,39,11,10,,
651,1999-12-31,30,23,20,27,21,38,5,,
652,2000-01-05,8,34,11,17,10,18,37,,
653,2000-01-08,23,7,33,2,28,15,19,,
654,2000-01-15,40,10,12,11,39,26,38,,
655,2000-01-22,4,22,27,10,33,9,13,,
656,2000-01-29,13,31,23,22,28,9,4,,
657,2000-02-05,6,32,9,26,36,21,35,,
658,2000-02-12,4,27,20,39,13,21,28,,
659,2000-02-19,22,1,19,8,2,29,36,,
660,2000-02-26,35,27,12,33,1,31,18,,
661,2000-03-04,2,15,26,13,30,39,12,,
662,2000-03-11,35,28,7,33,40,22,1,,
663,2000-03-18,20,4,21,18,8,29,26,,
664,2000-03-25,9,33,24,5,14,1,29,,
665,2000-04-01,28,10,26,23,25,36,34,,
666,2000-04-08,9,5,27,38,10,15,32,,
667,2000-04-15,13,17,32,18,39,31,36,,
668,2000-04-22,33,38,2,24,13,12,21,,
669,2000-04-29,19,39,25,31,13,18,14,,
670,2000-05-06,5,24,34,28,40,9,6,,
671,2000-05-13,38,19,6,27,23,5,24,,
672,2000-05-20,24,36,20,40,12,27,22,,
673,2000-05-27,18,27,17,11,39,12,21,,
674,2000-06-03,37,23,35,31,1,33,19,,
675,2000-06-10,10,38,26,12,9,27,1,,
676,2000-06-17,25,15,24,14,3,8,19,,
677,2000-06-24,25,18,4,8,34,24,33,,
678,2000-07-01,31,28,19,2,33,30,7,,
679,2000-07-08,3,40,17,33,14,1,23,,
680,2000-07-15,13,27,7,9,34,20,6,,
681,2000-07-22,25,5,11,35,38,3,12,,
682,2000-07-29,35,25,24,30,27,22,5,,
683,2000-08-05,1,36,16,17,6,40,33,,
684,2000-08-12,36,3,27,13,40,18,35,,
685,2000-08-19,21,1,7,31,16,37,28,,
686,2000-08-26,3,20,2,33,28,29,32,,
687,2000-09-02,22,11,3,23,17,2,34,,
688,2000-09-09,23,17,37,26,27,4,36,,
689,2000-09-16,7,31,1,27,18,4,15,,
690,2000-09-23,6,38,8,37,27,5,29,,
691,2000-09-30,26,29,20,8,36,24,15,,
692,2000-10-07,11,21,4,38,34,6,15,,
693,2000-10-14,6,13,29,35,25,38,39,,
694,2000-10-21,1,14,13,29,5,32,28,,
695,2000-10-28,24,10,27,6,9,29,18,,
696,2000-11-04,2,31,29,37,5,3,35,,
697,2000-11-11,25,27,26,3,39,10,12,,
698,2000-11-18,38,29,15,3,2,27,6,,
699,2000-11-25,3,8,36,15,23,32,9,,
700,2000-12-02,16,27,40,35,38,13,4,,
701,2000-12-09,16,17,31,13,12,7,14,,
702,2000-12-16,20,29,39,10,8,23,36,,
703,2000-12-23,22,27,12,32,38,10,31,,
704,2000-12-30,12,1,30,36,32,40,10,,
705,2001-01-06,8,20,7,6,1,36,35,,
706,2001-01-13,27,33,11,39,9,21,24,,
707,2001-01-20,38,9,37,29,4,6,10,,
708,2001-01-27,10,5,2,1,12,13,16,,
709,2001-02-03,39,27,7,16,4,14,6,,
710,2001-02-10,9,15,2,33,19,25,1,,
711,2001-02-17,37,12,13,14,6,11,29,,3
712,2001-02-24,30,23,39,33,25,8,16,,6
713,2001-03-03,33,16,36,37,19,8,11,,5
714,2001-03-10,12,36,29,31,27,9,4,,1
715,2001-03-17,4,34,7,3,13,12,1,,1
716,2001-03-24,32,25,21,15,23,36,22,,1
717,2001-03-31,2,28,4,8,27,16,7,,3
718,2001-04-07,29,39,18,35,13,23,40,,2
719,2001-04-14,6,12,40,35,39,38,20,,1
720,2001-04-21,34,11,14,23,29,10,36,,7
721,2001-04-28,2,3,19,20,13,8,26,,4
722,2001-05-05,3,20,15,24,27,8,1,,5
723,2001-05-12,12,18,33,3,35,21,16,,2
724,2001-05-19,9,20,11,23,27,35,3,,7
725,2001-05-26,1,28,18,27,34,6,14,,8
726,2001-06-02,22,2,15,36,3,31,14,,2
727,2001-06-09,40,11,7,27,26,21,23,,4
728,2001-06-16,38,4,8,5,6,30,37,,7
729,2001-06-23,9,23,27,12,21,19,30,,3
730,2001-06-30,18,10,24,1,4,11,34,,3
731,2001-07-07,40,9,7,26,32,27,16,,3
732,2001-07-14,17,13,36,2,40,15,24,,6
733,2001-07-21,5,16,3,34,12,27,4,,6
734,2001-07-28,17,32,29,15,24,14,40,,7
735,2001-08-04,26,23,11,28,6,1,32,,8
736,2001-08-11,17,15,30,14,7,16,37,,2
737,2001-08-18,26,19,9,39,2,3,12,,3
738,2001-08-25,6,29,3,8,31,30,10,,8
739,2001-09-01,7,39,11,37,27,30,21,,4
740,2001-09-08,18,31,23,36,35,19,17,,5
741,2001-09-15,10,11,37,1,39,30,18,,1
742,2001-09-22,27,34,38,36,8,29,24,,3
743,2001-09-29,24,7,4,17,30,31,8,,7
744,2001-10-06,39,24,19,4,18,15,36,,2
745,2001-10-13,1,14,24,9,23,35,37,,4
746,2001-10-20,3,23,9,20,39,34,8,,7
747,2001-10-27,26,30,39,16,3,34,29,,7
748,2001-11-03,38,2,13,3,31,25,20,,6
749,2001-11-10,2,8,30,26,7,32,31,,2
750,2001-11-17,12,28,10,35,37,17,20,,6
751,2001-11-24,5,3,20,9,27,6,29,,2
752,2001-12-01,7,39,2,17,18,19,32,,4
753,2001-12-08,38,37,13,40,28,36,22,,2
754,2001-12-15,2,7,19,20,36,13,35,,4
755,2001-12-22,8,23,32,5,29,9,31,,4
756,2001-12-29,30,22,6,3,39,36,17,,4
757,2002-01-05,35,13,31,20,23,2,34,,7
758,2002-01-12,18,33,8,4,23,24,11,,8
759,2002-01-19,19,10,36,2,31,21,1,,3
760,2002-01-26,29,16,2,4,37,23,39,,4
761,2002-02-02,37,11,15,35,13,14,7,,3
762,2002-02-09,5,40,21,39,28,2,7,,8
763,2002-02-16,27,37,29,26,25,20,36,,1
764,2002-02-23,35,11,34,12,7,26,24,,1
765,2002-03-02,40,16,18,20,29,3,25,,6
766,2002-03-09,14,1,15,21,5,31,25,,1
767,2002-03-16,25,15,14,3,40,28,27,,3
768,2002-03-23,15,7,28,9,13,4,25,,1
769,2002-03-30,20,12,23,10,40,5,33,,1
770,2002-04-06,32,38,9,30,27,6,19,,8
771,2002-04-13,22,13,17,40,19,36,27,,6
772,2002-04-20,9,15,11,23,13,26,37,,5
773,2002-04-27,1,39,27,16,15,20,5,,5
774,2002-05-04,8,20,32,23,29,38,26,,7
775,2002-05-11,14,7,30,10,29,24,23,,2
776,2002-05-18,38,15,26,1,29,20,34,,2
777,2002-05-25,27,10,39,13,8,18,1,,8
778,2002-06-01,23,20,9,3,39,12,26,,6
779,2002-06-08,24,16,2,27,22,26,37,,1
780,2002-06-15,15,40,8,19,25,33,22,,4
781,2002-06-22,29,26,30,17,7,3,5,,3
782,2002-06-29,7,17,18,33,13,27,3,,8
783,2002-07-06,4,31,11,3,28,35,17,,1
784,2002-07-13,19,23,10,35,14,7,36,,1
785,2002-07-20,6,8,7,30,18,5,38,,4
786,2002-07-27,21,23,32,22,9,19,35,,8
787,2002-08-03,27,6,25,4,2,1,31,,5
788,2002-08-10,23,37,30,32,2,1,31,,8
789,2002-08-17,21,11,22,7,17,28,26,,3
790,2002-08-24,35,21,8,13,25,2,14,,3
791,2002-08-31,32,29,16,38,33,40,18,,7
792,2002-09-07,13,3,39,36,16,14,9,,5
793,2002-09-14,27,13,25,19,18,7,4,,7
794,2002-09-21,34,26,3,21,10,22,6,,4
795,2002-09-28,1,14,37,26,2,28,6,,4
796,2002-10-05,11,5,22,20,27,36,33,,5
797,2002-10-12,36,32,35,13,24,40,4,,5
798,2002-10-19,24,20,2,35,6,10,16,,6
799,2002-10-26,23,26,40,4,12,38,37,,1
800,2002-11-02,13,25,3,11,21,14,10,16,2
801,2002-11-09,2,9,33,22,1,32,6,37,6
802,2002-11-16,33,29,3,8,2,35,12,5,4
803,2002-11-23,25,33,21,14,38,5,3,32,5
804,2002-11-30,18,12,37,1,11,36,9,27,4
805,2002-12-07,1,34,39,14,38,37,26,18,8
806,2002-12-14,10,24,16,18,14,28,38,1,2
807,2002-12-21,5,3,19,25,31,35,1,34,8
808,2002-12-28,27,36,40,31,25,19,15,16,1
809,2003-01-04,1,27,6,3,23,38,24,40,2
810,2003-01-11,36,24,15,38,11,23,40,13,1
811,2003-01-18,36,8,31,12,9,38,34,21,3
812,2003-01-25,11,33,26,13,1,10,24,36,3
813,2003-02-01,3,35,6,8,9,39,11,21,5
814,2003-02-08,31,22,27,36,13,8,5,32,2
815,2003-02-15,30,28,10,23,7,16,8,37,2
816,2003-02-22,31,25,19,26,30,8,37,7,8
817,2003-03-01,39,22,32,8,29,36,18,40,4
818,2003-03-08,7,14,34,10,30,6,15,32,6
819,2003-03-15,21,15,11,23,9,24,6,4,2
820,2003-03-22,25,17,38,3,13,1,40,21,6
821,2003-03-29,28,23,36,1,16,14,12,20,8
822,2003-04-05,38,23,15,11,21,14,33,22,3
823,2003-04-12,2,4,31,6,39,21,35,28,5
824,2003-04-19,3,4,35,10,28,25,27,11,3
825,2003-04-26,40,13,18,15,24,33,35,30,1
826,2003-05-03,10,28,36,17,18,33,22,25,8
827,2003-05-10,40,26,16,3,1,36,21,9,3
828,2003-05-17,12,29,37,14,25,20,22,19,3
829,2003-05-24,22,4,10,37,25,1,23,40,8
830,2003-05-31,20,17,39,23,25,3,36,27,3
831,2003-06-07,16,9,1,14,29,19,26,4,1
832,2003-06-14,14,13,16,12,19,24,40,6,1
833,2003-06-21,30,20,10,35,32,25,19,24,8
834,2003-06-28,16,6,33,23,22,35,25,24,1
835,2003-07-05,19,14,37,11,9,36,20,8,2
836,2003-07-12,33,5,24,23,27,25,18,4,5
837,2003-07-19,32,5,35,1,38,40,11,15,5
838,2003-07-26,30,39,27,11,35,20,8,36,4
839,2003-08-02,19,29,32,3,6,8,39,38,1
840,2003-08-09,36,13,3,23,37,35,16,32,4
841,2003-08-16,16,17,19,7,12,9,20,38,5
842,2003-08-23,27,24,1,28,4,7,10,31,3
843,2003-08-30,7,40,23,33,18,28,39,8,3
844,2003-09-06,18,39,25,21,13,19,37,14,2
845,2003-09-13,14,19,30,13,6,26,3,33,2
846,2003-09-20,14,27,40,25,35,16,38,30,7
847,2003-09-27,33,20,16,5,35,26,12,4,6
848,2003-10-04,29,28,30,32,35,14,22,27,6
849,2003-10-11,24,32,9,26,28,31,23,25,5
850,2003-10-18,21,3,31,1,24,30,34,10,2
851,2003-10-25,22,35,19,26,30,2,28,25,6
852,2003-11-01,15,35,10,19,27,13,21,26,3
853,2003-11-08,25,13,12,39,27,36,5,38,1
854,2003-11-15,27,21,2,10,17,22,31,34,6
855,2003-11-22,25,5,16,39,24,32,3,37,7
856,2003-11-29,37,1,19,15,23,11,6,24,2
857,2003-12-06,35,17,38,30,22,6,26,21,1
858,2003-12-13,34,16,14,15,2,22,9,20,3
859,2003-12-20,11,22,29,4,6,3,31,12,5
860,2003-12-27,19,1,34,10,35,38,15,21,3
861,2003-12-31,35,18,2,17,22,28,10,39,5
862,2004-01-03,10,14,7,35,34,15,11,2,1
863,2004-01-10,30,26,13,5,25,2,7,21,5
864,2004-01-17,8,33,36,7,3,38,6,16,1
865,2004-01-24,11,31,39,10,32,24,9,15,3
866,2004-01-31,20,35,7,33,34,9,18,40,1
867,2004-02-07,7,2,26,15,29,33,35,27,1
868,2004-02-14,27,25,8,19,40,4,36,21,1
869,2004-02-21,19,27,13,32,7,21,23,17,3
870,2004-02-28,16,5,39,8,19,7,34,29,5
871,2004-03-06,21,32,11,4,10,16,7,39,4
872,2004-03-13,13,5,26,1,9,4,10,14,3
873,2004-03-20,6,9,30,7,8,25,26,35,1
874,2004-03-27,29,33,31,19,13,12,23,9,4
875,2004-04-03,35,13,8,6,21,12,34,37,4
876,2004-04-10,13,33,36,39,14,23,32,17,6
877,2004-04-17,31,10,20,29,33,36,8,30,8
878,2004-04-24,23,18,1,32,15,11,22,2,7
879,2004-05-01,26,31,27,11,21,14,30,4,2
880,2004-05-08,10,28,7,40,31,12,14,18,8
881,2004-05-15,18,25,36,8,9,17,21,7,5
882,2004-05-22,39,16,31,28,8,17,25,38,1
883,2004-05-29,38,9,11,1,40,6,5,8,3
884,2004-06-05,5,31,37,18,27,9,24,32,3
885,2004-06-12,16,2,13,17,6,33,21,36,1
886,2004-06-19,33,19,10,8,36,26,7,39,6
887,2004-06-26,21,19,4,35,37,8,10,6,1
888,2004-07-03,31,21,13,30,12,24,33,26,3
889,2004-07-10,21,15,35,33,29,18,2,6,4
890,2004-07-17,23,11,17,30,21,8,33,5,7
891,2004-07-24,32,33,19,4,18,29,17,2,1
892,2004-07-31,35,28,10,14,26,8,5,6,5
893,2004-08-07,2,1,33,39,32,3,6,25,5
894,2004-08-14,24,3,1,32,34,28,23,,8
895,2004-08-21,11,21,6,38,20,9,12,,5
896,2004-08-28,25,39,4,10,30,1,6,,8
897,2004-09-04,30,19,33,28,20,8,15,,7
898,2004-09-11,7,34,24,21,19,15,37,,7
899,2004-09-18,18,39,26,29,33,27,28,,3
900,2004-09-25,32,38,12,3,4,11,23,,1
901,2004-10-02,38,20,18,12,27,34,24,,3
902,2004-10-09,22,39,21,11,2,25,1,,1
903,2004-10-16,27,2,20,37,35,23,6,,8
904,2004-10-23,2,5,36,39,7,17,19,,6
905,2004-10-30,6,1,38,40,20,16,4,,5
906,2004-11-06,31,30,40,34,22,24,3,,5
907,2004-11-13,24,15,1,32,31,9,20,,8
908,2004-11-20,34,23,19,39,21,2,37,,6
909,2004-11-27,33,25,40,30,32,26,21,,4
910,2004-12-04,15,9,31,6,14,26,33,,3
911,2004-12-11,39,22,36,38,10,12,25,,7
912,2004-12-15,21,7,27,3,34,5,35,,2
913,2004-12-18,9,38,26,35,20,19,24,,6
914,2004-12-22,1,6,14,36,4,35,33,,3
915,2004-12-25,8,27,24,1,9,30,6,,2
916,2005-01-01,38,18,30,22,32,12,6,,3
917,2005-01-08,37,38,34,7,9,36,23,,7
918,2005-01-15,14,26,39,1,20,6,19,,3
919,2005-01-22,2,24,36,13,39,21,12,,4
920,2005-01-29,25,34,29,19,35,13,31,,4
921,2005-02-05,30,38,18,4,22,36,19,,8
922,2005-02-12,16,26,39,29,27,31,18,,7
923,2005-02-19,6,37,2,33,32,26,5,,6
924,2005-02-26,36,16,3,27,9,31,34,,6
925,2005-03-05,27,11,33,18,32,25,19,,7
926,2005-03-12,28,8,35,20,16,40,7,,7
927,2005-03-19,8,25,4,32,37,21,30,,3
928,2005-03-26,17,38,9,19,22,35,13,,1
929,2005-03-30,37,39,21,27,10,16,1,,8
930,2005-04-02,15,26,28,10,29,20,17,,7
931,2005-04-09,29,18,21,31,23,7,13,,5
932,2005-04-16,27,29,17,31,2,4,23,,4
933,2005-04-23,30,36,28,16,4,27,25,,8
934,2005-04-30,30,24,19,40,36,37,38,,3
935,2005-05-07,19,7,8,20,13,33,31,,5
936,2005-05-14,15,19,25,21,39,27,6,,2
937,2005-05-21,13,6,39,15,37,18,17,,4
938,2005-05-28,34,5,38,1,13,22,20,,1
939,2005-06-04,5,18,14,37,1,40,28,,3
940,2005-06-11,24,5,27,31,34,23,4,,8
941,2005-06-18,18,17,10,9,26,4,37,,1
942,2005-06-25,40,9,20,15,5,32,25,,4
943,2005-07-02,37,20,22,34,11,12,26,,2
944,2005-07-09,1,21,10,29,25,19,2,,6
945,2005-07-16,28,21,11,14,19,35,16,,5
946,2005-07-23,17,32,34,23,21,1,24,,3
947,2005-07-30,32,1,21,14,23,15,12,,5
948,2005-08-06,8,21,31,23,6,13,29,,8
949,2005-08-13,34,24,12,11,5,32,16,,8
950,2005-08-20,5,13,29,30,22,23,25,,2
951,2005-08-27,6,28,18,33,4,9,17,,5
952,2005-09-03,31,20,3,6,19,16,12,,1
953,2005-09-10,8,35,22,2,31,33,20,,4
954,2005-09-17,9,24,20,36,4,8,15,,7
955,2005-09-24,28,9,39,31,17,8,13,,6
956,2005-10-01,26,38,36,37,24,17,8,,6
957,2005-10-08,40,22,29,6,8,5,32,,8
958,2005-10-15,40,24,8,35,28,1,18,,1
959,2005-10-22,9,11,16,12,1,14,5,,2
960,2005-10-29,23,24,20,35,33,37,9,,6
961,2005-11-05,36,4,14,25,24,34,3,,3
962,2005-11-12,28,20,27,39,31,16,36,,8
963,2005-11-19,24,17,26,40,4,2,1,,6
964,2005-11-26,33,26,3,1,22,31,4,,1
965,2005-12-03,18,10,2,5,12,16,32,,6
966,2005-12-10,36,11,32,20,22,9,35,,1
967,2005-12-17,6,31,5,12,25,33,17,,1
968,2005-12-24,22,5,14,32,3,23,27,,7
969,2005-12-31,29,21,35,19,25,36,23,,4
970,2006-01-07,6,14,28,16,30,29,21,,7
971,2006-01-14,6,34,30,17,32,10,31,,2
972,2006-01-21,40,18,9,13,21,26,3,,7
973,2006-01-28,25,20,35,7,32,17,8,,1
974,2006-02-04,15,12,14,13,40,32,18,,4
975,2006-02-11,29,26,36,28,7,31,24,,3
976,2006-02-18,18,21,30,22,32,4,20,,3
977,2006-02-25,38,40,15,21,17,39,14,,1
978,2006-03-04,20,16,24,14,12,4,2,,7
979,2006-03-11,26,37,19,22,11,23,12,,3
980,2006-03-18,30,38,39,5,25,21,12,,4
981,2006-03-25,17,13,28,15,26,12,23,,1
982,2006-04-01,30,33,25,37,11,17,6,,6
983,2006-04-08,32,34,17,13,10,23,5,,5
984,2006-04-15,33,12,7,5,10,23,26,,3
985,2006-04-22,19,37,11,8,35,26,40,,5
986,2006-04-29,10,32,7,27,40,2,4,,2
987,2006-05-06,29,31,32,22,13,15,19,,6
988,2006-05-13,25,1,10,9,28,15,6,,2
989,2006-05-20,24,22,27,13,6,8,1,,6
990,2006-05-27,19,36,34,30,35,33,14,,1
991,2006-06-03,28,18,3,7,9,30,23,,2
992,2006-06-10,38,4,40,9,36,15,33,,4
993,2006-06-17,3,4,5,7,12,1,21,,1
994,2006-06-24,24,19,26,17,37,11,3,,5
995,2006-07-01,12,20,27,29,26,16,18,,6
996,2006-07-08,28,16,39,6,21,37,30,,5
997,2006-07-15,29,39,26,7,27,24,1,,2
998,2006-07-22,29,39,18,13,38,35,20,,5
999,2006-07-29,20,24,21,23,16,5,26,,6
1000,2006-08-05,12,1,11,10,32,25,9,,1
1001,2006-08-12,11,23,17,12,40,38,34,,4
1002,2006-08-19,12,3,1,17,6,4,2,,2
1003,2006-08-26,21,23,12,20,39,34,4,,2
1004,2006-09-02,11,20,10,37,23,25,21,,7
1005,2006-09-09,24,1,9,3,21,15,33,,4
1006,2006-09-16,36,2,4,19,39,18,16,,1
1007,2006-09-23,3,7,17,20,28,33,37,,6
1008,2006-09-30,3,27,14,29,19,8,36,,3
1009,2006-10-07,5,10,6,7,2,27,30,,2
1010,2006-10-14,28,39,12,25,3,37,22,,6
1011,2006-10-21,2,11,22,13,16,8,31,,4
1012,2006-10-28,8,29,6,12,27,20,23,,1
1013,2006-11-04,30,2,15,24,38,11,37,,7
1014,2006-11-11,23,5,19,11,22,2,29,,6
1015,2006-11-18,4,31,14,13,39,38,30,,8
1016,2006-11-25,40,19,35,24,38,10,8,,6
1017,2006-12-02,28,7,25,10,1,32,20,,6
1018,2006-12-09,6,30,1,11,13,9,40,,8
1019,2006-12-16,31,21,4,2,32,27,16,,6
1020,2006-12-23,37,10,13,16,7,14,22,,6
1021,2006-12-30,25,9,21,31,22,11,7,,3
1022,2007-01-06,9,18,1,4,25,34,26,,1
1023,2007-01-13,23,28,16,9,4,37,39,,8
1024,2007-01-20,20,12,15,3,27,6,16,,4
1025,2007-01-27,20,2,24,29,31,21,12,,2
1026,2007-02-03,16,32,36,27,9,11,15,,8
1027,2007-02-10,38,5,21,29,35,17,25,,4
1028,2007-02-17,21,20,27,36,32,38,19,,8
1029,2007-02-24,35,30,37,20,4,5,25,,5
1030,2007-03-03,18,25,38,35,32,28,37,,4
1031,2007-03-10,3,21,18,1,25,7,10,,7
1032,2007-03-17,15,22,1,30,25,23,28,,8
1033,2007-03-24,40,31,30,4,9,17,29,,2
1034,2007-03-31,19,26,10,31,23,15,40,,7
1035,2007-04-07,33,5,16,11,21,14,23,,1
1036,2007-04-14,34,13,38,16,29,11,28,,7
1037,2007-04-21,20,34,36,2,11,39,17,,2
1038,2007-04-28,3,34,24,17,2,39,27,,3
1039,2007-05-05,11,4,10,25,38,37,2,,1
1040,2007-05-12,34,5,14,19,25,6,22,,8
1041,2007-05-19,35,12,5,8,7,33,23,,8
1042,2007-05-26,10,39,14,11,17,4,40,,8
1043,2007-06-02,32,29,19,20,24,17,34,,4
1044,2007-06-09,23,27,38,2,25,11,1,,8
1045,2007-06-16,10,15,9,3,7,1,17,,3
1046,2007-06-23,29,12,2,38,33,30,35,,7
1047,2007-06-30,13,40,23,1,28,32,38,,2
1048,2007-07-07,12,13,20,1,25,34,14,,1
1049,2007-07-14,6,18,36,27,12,38,22,,4
1050,2007-07-21,30,35,16,15,4,10,1,,8
1051,2007-07-28,7,30,1,18,26,13,5,,8
1052,2007-08-04,5,39,24,15,37,34,8,,3
1053,2007-08-11,4,34,32,8,28,7,9,,2
1054,2007-08-18,29,9,16,26,2,36,34,,6
1055,2007-08-25,22,14,19,37,20,35,18,,4
1056,2007-09-01,22,12,16,15,13,38,23,,5
1057,2007-09-08,2,28,24,29,23,5,4,,7
1058,2007-09-15,26,24,12,23,4,7,21,,4
1059,2007-09-22,24,6,8,14,33,32,26,,5
1060,2007-09-29,7,4,32,35,20,17,37,,2
1061,2007-10-06,13,35,21,24,1,14,6,,7
1062,2007-10-13,26,34,32,29,4,36,27,,1
1063,2007-10-20,27,37,9,38,34,14,29,,6
1064,2007-10-27,27,19,32,23,40,25,38,,3
1065,2007-11-03,15,40,11,23,30,31,7,,6
1066,2007-11-10,12,39,2,13,37,25,40,,6
1067,2007-11-17,18,26,24,13,31,37,20,,8
1068,2007-11-24,38,3,18,4,27,29,30,,5
1069,2007-12-01,33,3,40,1,38,14,5,,7
1070,2007-12-08,4,9,34,18,21,8,7,,3
1071,2007-12-15,11,31,17,28,2,7,35,,1
1072,2007-12-22,20,38,17,27,31,30,13,,6
1073,2007-12-29,33,35,30,8,22,38,32,,10
1074,2008-01-05,21,14,3,8,18,36,35,,3
1075,2008-01-12,5,14,22,19,40,16,33,,9
1076,2008-01-19,26,10,38,36,8,12,21,,5
1077,2008-01-26,10,40,15,22,34,19,17,,4
1078,2008-02-02,22,32,2,4,38,12,20,,8
1079,2008-02-09,36,14,40,16,19,39,1,,7
1080,2008-02-16,3,23,40,14,9,15,33,,8
1081,2008-02-23,4,36,13,27,32,38,8,,1
1082,2008-03-01,35,4,32,12,31,29,9,,4
1083,2008-03-08,35,12,6,18,39,17,4,,9
1084,2008-03-15,16,40,17,3,25,23,39,,6
1085,2008-03-22,32,22,21,23,26,30,37,,6
1086,2008-03-29,5,13,16,38,28,40,25,,4
1087,2008-04-05,19,33,36,27,7,17,11,,5
1088,2008-04-12,23,16,12,31,11,29,30,,8
1089,2008-04-19,24,3,16,11,5,28,14,,6
1090,2008-04-26,40,35,10,22,16,28,13,,8
1091,2008-05-03,25,38,33,29,32,14,40,,7
1092,2008-05-10,30,17,9,15,36,39,7,,9
1093,2008-05-17,10,27,38,3,35,14,34,,1
1094,2008-05-24,9,25,23,10,34,1,2,,6
1095,2008-05-31,23,8,30,14,31,39,9,,8
1096,2008-06-07,12,34,32,23,31,22,13,,10
1097,2008-06-14,40,33,28,26,37,35,15,,9
1098,2008-06-21,21,12,26,11,36,37,9,,10
1099,2008-06-28,29,7,37,30,36,17,19,,5
1100,2008-07-05,18,38,10,23,2,30,3,,6
1101,2008-07-12,17,26,14,16,9,28,7,,2
1102,2008-07-19,15,21,17,38,40,30,18,,2
1103,2008-07-26,32,7,17,35,4,24,16,,10
1104,2008-08-02,2,17,34,18,5,40,32,,5
1105,2008-08-09,35,4,38,8,37,7,34,,2
1106,2008-08-16,7,19,6,25,4,35,21,,3
1107,2008-08-23,30,5,23,24,6,22,13,,6
1108,2008-08-30,4,26,23,35,3,36,34,,4
1109,2008-09-06,38,35,31,7,19,25,24,,1
1110,2008-09-13,2,17,15,27,20,28,39,,8
1111,2008-09-20,16,11,3,10,15,6,27,,3
1112,2008-09-27,6,37,29,26,11,34,20,,6
1113,2008-10-04,8,39,32,10,11,26,36,,8
1114,2008-10-11,35,8,24,27,4,17,10,,8
1115,2008-10-18,2,31,5,22,16,40,28,,2
1116,2008-10-25,22,39,6,19,15,1,35,,3
1117,2008-11-01,15,37,23,18,14,6,30,,6
1118,2008-11-08,1,29,37,30,22,19,23,,1
1119,2008-11-15,40,26,10,6,14,9,37,,2
1120,2008-11-22,29,38,16,13,30,27,11,,3
1121,2008-11-29,12,23,2,33,16,13,5,,6
1122,2008-12-06,39,40,19,10,22,18,21,,3
1123,2008-12-13,38,18,24,28,31,3,23,,2
1124,2008-12-20,35,38,25,4,26,27,30,,4
1125,2008-12-27,2,36,27,16,9,22,5,,2
1126,2009-01-03,10,26,30,5,18,21,22,,4
1127,2009-01-10,31,18,7,32,22,10,9,,6
1128,2009-01-17,37,25,11,17,33,16,21,,2
1129,2009-01-24,29,19,20,3,17,24,35,,1
1130,2009-01-31,19,3,21,13,31,37,36,,9
1131,2009-02-07,25,21,28,5,10,18,1,,2
1132,2009-02-14,16,33,28,37,36,6,34,,7
1133,2009-02-21,5,31,12,19,26,11,30,,2
1134,2009-02-28,4,7,30,5,23,34,15,,5
1135,2009-03-07,38,15,32,13,18,24,26,,1
1136,2009-03-14,18,1,22,15,12,8,20,,4
1137,2009-03-21,3,36,40,20,7,24,18,,8
1138,2009-03-28,39,17,23,26,3,11,36,,1
1139,2009-04-04,17,36,8,10,9,22,34,,3
1140,2009-04-11,16,24,37,35,26,20,9,,8
1141,2009-04-18,16,25,14,33,11,38,29,,1
1142,2009-04-25,30,11,38,33,6,37,5,,2
1143,2009-05-02,3,31,33,40,21,15,1,,6
1144,2009-05-09,19,12,1,14,20,23,36,,1
1145,2009-05-16,15,21,18,1,5,11,33,,4
1146,2009-05-23,34,14,22,12,17,7,15,,10
1147,2009-05-30,15,31,24,14,30,37,25,,6
1148,2009-06-06,18,7,39,16,33,40,2,,1
1149,2009-06-13,31,1,17,32,21,22,2,,10
1150,2009-06-20,19,22,10,34,38,13,7,,2
1151,2009-06-27,1,14,30,15,40,32,9,,9
1152,2009-07-04,2,17,26,7,9,12,31,,8
1153,2009-07-11,32,24,36,12,9,37,22,,2
1154,2009-07-18,38,40,16,32,29,4,36,,6
1155,2009-07-25,19,23,20,16,5,15,27,,2
1156,2009-08-01,40,19,35,13,12,26,2,,2
1157,2009-08-08,24,31,23,19,12,35,8,,5
1158,2009-08-15,17,40,39,27,2,3,22,,1
1159,2009-08-22,39,19,18,35,13,40,8,,9
1160,2009-08-29,10,8,23,22,21,20,28,,4
1161,2009-09-05,1,7,15,31,13,22,14,,7
1162,2009-09-12,40,10,11,25,4,31,2,,7
1163,2009-09-19,24,4,25,18,37,13,3,,3
1164,2009-09-26,13,8,22,33,19,36,29,,5
1165,2009-10-03,31,1,25,27,15,13,16,,9
1166,2009-10-10,13,26,33,31,29,35,38,,2
1167,2009-10-17,12,21,37,33,16,29,3,,6
1168,2009-10-24,8,2,21,35,31,15,13,,5
1169,2009-10-31,28,30,9,10,34,13,21,,5
1170,2009-11-07,5,40,32,18,37,13,23,,5
1171,2009-11-14,28,30,24,2,5,8,32,,5
1172,2009-11-21,36,12,22,18,39,25,37,,4
1173,2009-11-28,22,32,20,5,14,15,7,,3
1174,2009-12-05,38,30,4,15,32,2,22,,7
1175,2009-12-12,23,4,21,1,8,6,25,,7
1176,2009-12-19,39,30,13,1,26,5,18,,2
1177,2009-12-26,1,18,3,22,40,27,23,,3
1178,2010-01-02,34,25,39,13,23,21,9,,4
1179,2010-01-09,40,30,37,21,16,32,12,,8
1180,2010-01-16,29,22,3,18,11,6,20,,6
1181,2010-01-23,39,28,3,30,4,34,13,,5
1182,2010-01-30,13,19,11,8,3,36,29,,7
1183,2010-02-06,14,19,15,23,36,11,39,,5
1184,2010-02-13,33,35,38,29,25,14,40,,9
1185,2010-02-20,37,11,24,38,15,21,36,,4
1186,2010-02-27,40,16,14,36,9,20,34,,4
1187,2010-03-06,37,26,30,39,5,11,14,,5
1188,2010-03-13,7,16,12,14,15,4,22,,6
1189,2010-03-20,32,25,31,23,19,30,6,,6
1190,2010-03-27,7,39,37,27,15,12,23,,3
1191,2010-04-03,17,14,7,36,16,13,28,,8
1192,2010-04-10,3,21,6,5,27,38,28,,1
1193,2010-04-17,35,39,30,9,3,29,19,,4
1194,2010-04-24,30,18,1,33,40,16,23,,8
1195,2010-05-01,16,20,31,8,4,38,11,,5
1196,2010-05-08,31,18,10,11,14,22,21,,2
1197,2010-05-15,16,27,32,26,19,23,25,,10
1198,2010-05-22,1,36,18,25,14,4,30,,8
1199,2010-05-29,1,10,12,31,27,21,9,,3
1200,2010-06-05,20,25,7,30,16,11,34,,6
1201,2010-06-12,30,38,12,36,32,10,21,,2
1202,2010-06-19,30,14,37,18,33,36,29,,3
1203,2010-06-26,28,11,8,35,7,5,25,,8
1204,2010-07-03,24,1,17,6,34,21,40,,10
1205,2010-07-10,25,2,18,22,11,10,16,,5
1206,2010-07-17,35,5,28,10,24,8,36,,6
1207,2010-07-24,36,11,22,32,1,12,35,,6
1208,2010-07-31,22,8,28,1,26,38,9,,3
1209,2010-08-07,18,35,4,34,24,28,14,,6
1210,2010-08-14,11,29,23,13,2,30,18,,5
1211,2010-08-21,22,33,23,10,13,17,25,,4
1212,2010-08-28,11,26,40,3,38,7,12,,6
1213,2010-09-04,16,36,18,35,39,31,37,,3
1214,2010-09-11,1,5,2,31,39,34,25,,2
1215,2010-09-18,32,9,23,19,12,37,4,,4
1216,2010-09-25,4,14,11,32,5,27,1,,10
1217,2010-10-02,40,37,13,30,34,5,38,,2
1218,2010-10-09,6,38,1,28,22,35,32,,9
1219,2010-10-16,38,31,15,14,35,9,29,,10
1220,2010-10-23,37,34,23,4,40,27,13,,10
1221,2010-10-30,25,2,21,16,7,28,13,,2
1222,2010-11-06,31,20,11,28,38,32,10,,1
1223,2010-11-13,28,19,15,6,33,35,36,,10
1224,2010-11-20,30,6,12,23,17,9,3,,8
1225,2010-11-27,38,8,1,36,32,7,21,,3
1226,2010-12-04,34,1,14,19,32,21,30,,10
1227,2010-12-11,13,2,16,3,11,26,8,,8
1228,2010-12-18,19,38,28,26,1,39,27,,4
1229,2010-12-25,22,12,10,3,25,6,28,,5
1230,2011-01-01,34,29,5,37,10,13,7,,8
1231,2011-01-08,5,16,10,36,20,37,30,,10
1232,2011-01-15,2,15,1,32,36,10,35,,10
1233,2011-01-22,30,33,19,13,34,18,40,,4
1234,2011-01-29,22,5,2,29,1,12,9,,1
1235,2011-02-05,13,33,6,36,5,31,40,,2
1236,2011-02-12,27,37,38,29,36,7,19,,4
1237,2011-02-19,2,15,27,37,17,32,13,,6
1238,2011-02-26,4,27,6,17,12,32,25,,9
1239,2011-03-05,25,8,23,40,1,31,28,,10
1240,2011-03-12,33,1,38,10,19,9,23,,2
1241,2011-03-19,1,40,18,29,24,21,35,,6
1242,2011-03-26,19,22,13,10,3,33,38,,5
1243,2011-04-02,25,31,13,28,34,8,21,,8
1244,2011-04-09,8,20,35,18,5,3,10,,3
1245,2011-04-16,17,39,38,24,8,4,15,,10
1246,2011-04-23,16,31,27,13,23,18,6,,10
1247,2011-04-30,8,28,37,4,5,20,36,,1
1248,2011-05-07,37,28,27,24,36,30,20,,2
1249,2011-05-14,28,30,20,34,12,6,33,,2
1250,2011-05-21,31,22,15,7,27,12,11,,8
1251,2011-05-28,33,27,21,26,7,9,4,,3
1252,2011-06-04,2,26,20,25,22,38,12,,3
1253,2011-06-11,1,28,2,40,27,7,31,,1
1254,2011-06-18,32,15,25,21,16,30,13,,5
1255,2011-06-25,18,39,34,3,26,17,25,,2
1256,2011-07-02,36,19,28,1,30,2,27,,10
1257,2011-07-09,39,20,37,32,15,18,31,,9
1258,2011-07-16,35,23,17,25,6,22,7,,3
1259,2011-07-23,8,10,39,6,33,23,2,,1
1260,2011-07-30,27,26,39,25,5,16,17,,10
1261,2011-08-06,14,36,26,13,1,22,7,,5
1262,2011-08-13,39,40,9,24,35,19,12,,6
1263,2011-08-20,4,2,29,15,28,30,19,,3
1264,2011-08-27,32,38,23,37,25,31,13,,3
1265,2011-09-03,16,37,19,26,1,7,28,,5
1266,2011-09-10,12,5,39,22,27,8,32,,4
1267,2011-09-17,34,15,27,26,12,6,3,,2
1268,2011-09-24,13,14,3,21,11,36,1,,9
1269,2011-10-01,4,6,21,40,7,33,5,,9
1270,2011-10-08,28,40,25,17,39,23,15,,10
1271,2011-10-15,13,32,34,12,31,26,7,,2
1272,2011-10-22,12,40,6,35,10,24,9,,7
1273,2011-10-29,21,26,15,16,1,34,2,,9
1274,2011-11-05,2,35,38,31,21,5,29,,6
1275,2011-11-12,1,2,18,8,6,5,31,,6
1276,2011-11-19,15,30,25,31,26,13,6,,9
1277,2011-11-26,17,33,3,23,38,8,40,,8
1278,2011-12-03,18,21,15,4,32,33,26,,5
1279,2011-12-10,27,13,30,36,14,37,28,,3
1280,2011-12-17,23,31,19,40,13,9,24,,3
1281,2011-12-24,34,15,26,7,18,32,12,,3
1282,2011-12-31,4,36,27,13,10,39,26,,9
1283,2012-01-07,8,12,35,36,40,10,14,,10
1284,2012-01-14,3,5,34,19,1,16,9,,9
1285,2012-01-21,13,38,7,20,1,4,39,,7
1286,2012-01-28,35,33,8,16,40,6,26,,5
1287,2012-02-04,38,21,26,34,33,23,35,,1
1288,2012-02-11,9,33,2,17,21,7,29,,3
1289,2012-02-18,7,13,34,27,36,22,30,,7
1290,2012-02-25,20,7,3,40,9,27,37,,1
1291,2012-03-03,31,23,39,3,40,8,22,,7
1292,2012-03-10,24,11,39,15,8,35,38,,4
1293,2012-03-17,33,5,4,40,18,11,23,,2
1294,2012-03-24,33,2,19,22,14,9,10,,2
1295,2012-03-31,40,21,5,35,24,4,37,,7
1296,2012-04-07,21,24,30,27,35,5,14,,1
1297,2012-04-14,13,27,23,17,33,31,25,,8
1298,2012-04-21,11,16,13,7,15,12,30,,3
1299,2012-04-28,24,20,4,13,1,12,22,,9
1300,2012-05-05,35,31,28,38,34,7,33,,9
1301,2012-05-12,2,24,36,35,13,16,19,,8
1302,2012-05-19,37,13,36,16,32,18,17,,4
1303,2012-05-26,8,21,39,10,20,12,26,,1
1304,2012-06-02,10,21,11,24,33,15,30,,6
1305,2012-06-09,7,10,17,6,5,24,40,,2
1306,2012-06-16,39,9,20,27,18,33,6,,2
1307,2012-06-23,30,32,29,26,28,25,5,,4
1308,2012-06-30,2,14,24,9,10,22,40,,9
1309,2012-07-07,27,40,39,21,11,8,20,,7
1310,2012-07-14,12,11,7,4,34,15,2,,2
1311,2012-07-21,31,15,17,1,13,26,40,,8
1312,2012-07-28,8,7,9,25,2,18,36,,1
1313,2012-08-04,10,24,29,12,13,38,26,,9
1314,2012-08-11,26,4,20,15,2,31,22,,3
1315,2012-08-18,13,35,23,10,21,27,5,,2
1316,2012-08-25,8,39,27,18,17,13,20,,7
1317,2012-09-01,26,35,33,1,15,5,24,,2
1318,2012-09-08,31,40,38,16,39,7,28,,2
1319,2012-09-15,14,3,16,36,1,38,8,,7
1320,2012-09-22,9,17,35,21,19,12,1,,8
1321,2012-09-29,9,13,30,34,35,6,17,,6
1322,2012-10-06,30,15,19,23,22,9,8,,5
1323,2012-10-13,31,40,1,30,29,7,20,,2
1324,2012-10-20,12,31,27,11,14,2,13,,10
1325,2012-10-27,33,14,15,39,36,29,38,,8
1326,2012-11-03,36,21,35,2,1,15,20,,8
1327,2012-11-10,22,36,18,31,33,32,26,,10
1328,2012-11-17,17,22,1,32,28,18,38,,10
1329,2012-11-24,4,34,35,18,3,19,21,,9
1330,2012-12-01,8,14,10,21,39,15,20,,4
1331,2012-12-08,18,27,13,21,9,24,26,,8
1332,2012-12-15,36,25,12,24,6,23,33,,7
1333,2012-12-22,14,6,19,13,8,31,2,,2
1334,2012-12-29,6,26,3,25,7,29,8,,4
1335,2013-01-05,26,1,8,30,14,3,34,,10
1336,2013-01-12,3,7,2,1,30,8,14,,5
1337,2013-01-19,19,5,39,21,36,32,9,,8
1338,2013-01-26,31,29,1,27,2,12,16,,2
1339,2013-02-02,13,24,5,39,6,19,26,,5
1340,2013-02-09,20,17,28,4,19,9,21,,7
1341,2013-02-16,2,32,6,25,36,35,15,,2
1342,2013-02-23,21,13,38,29,40,28,30,,1
1343,2013-03-02,11,12,33,8,37,18,13,,4
1344,2013-03-09,40,39,11,37,7,10,24,,8
1345,2013-03-16,16,11,26,3,13,15,5,,8
1346,2013-03-23,18,16,29,30,32,1,25,,5
1347,2013-03-30,36,11,38,26,10,6,33,,3
1348,2013-04-06,13,29,16,33,25,38,18,,8
1349,2013-04-13,7,37,24,16,6,38,20,,8
1350,2013-04-20,29,39,15,34,40,31,16,,10
1351,2013-04-27,18,17,9,35,13,23,39,,2
1352,2013-05-04,40,24,15,38,26,27,2,,2
1353,2013-05-11,29,19,12,39,16,18,37,,5
1354,2013-05-18,3,35,36,33,8,22,37,,5
1355,2013-05-25,4,2,19,17,27,9,31,,5
1356,2013-06-01,11,23,22,13,36,8,15,,2
1357,2013-06-08,7,6,32,37,29,19,27,,8
1358,2013-06-15,26,33,39,12,31,36,17,,8
1359,2013-06-22,7,14,30,23,2,33,5,,8
1360,2013-06-29,20,38,3,17,10,16,32,,8
1361,2013-07-06,14,25,19,38,34,13,8,,1
1362,2013-07-13,3,32,5,22,19,13,15,,3
1363,2013-07-20,20,1,10,36,21,6,32,,3
1364,2013-07-27,32,1,2,37,36,24,14,,1
1365,2013-08-03,4,29,23,15,9,6,7,,3
1366,2013-08-10,27,5,38,21,23,30,36,,2
1367,2013-08-17,23,34,11,29,16,1,7,,3
1368,2013-08-24,27,36,7,40,4,19,1,,1
1369,2013-08-31,28,25,17,12,6,20,10,,2
1370,2013-09-07,24,4,33,38,2,32,15,,4
1371,2013-09-14,30,31,2,5,11,19,23,,7
1372,2013-09-21,21,17,26,18,6,8,10,,5
1373,2013-09-28,39,21,40,1,29,33,8,,4
1374,2013-10-05,1,28,20,19,13,37,22,,3
1375,2013-10-12,37,6,32,30,8,39,16,,2
1376,2013-10-19,14,40,29,2,27,34,5,,2
1377,2013-10-26,4,15,33,27,32,19,38,,2
1378,2013-11-02,1,21,5,15,12,29,4,,5
1379,2013-11-09,39,30,28,6,9,18,11,,8
1380,2013-11-16,4,9,25,18,8,28,5,,4
1381,2013-11-23,37,14,26,30,28,40,23,,1
1382,2013-11-30,1,37,4,11,17,31,27,,7
1383,2013-12-07,3,25,21,26,31,11,17,,4
1384,2013-12-14,5,15,33,32,20,39,17,,10
1385,2013-12-21,25,12,19,7,4,20,15,,3
1386,2013-12-28,18,34,15,20,6,16,9,,8
1387,2014-01-04,24,26,37,14,12,16,6,,5
1388,2014-01-11,31,10,22,30,39,12,2,,2
1389,2014-01-18,35,37,29,14,18,23,11,,6
1390,2014-01-25,37,38,28,26,10,39,13,,1
1391,2014-02-01,15,38,27,20,30,39,14,,10
1392,2014-02-08,35,20,37,16,39,17,7,,9
1393,2014-02-15,24,28,19,8,17,9,10,,3
1394,2014-02-22,34,27,9,24,40,22,23,,6
1395,2014-03-01,9,13,33,31,1,20,38,,5
1396,2014-03-08,28,18,8,6,35,3,23,,10
1397,2014-03-15,19,2,22,6,36,11,37,,10
1398,2014-03-22,12,18,34,16,35,39,33,,3
1399,2014-03-29,4,19,13,10,24,21,31,,6
1400,2014-04-05,11,16,20,31,33,13,26,,3
1401,2014-04-12,38,7,29,24,10,22,36,,9
1402,2014-04-19,26,37,30,19,28,3,10,,8
1403,2014-04-26,12,29,25,31,18,17,32,,2
1404,2014-05-03,22,38,36,34,11,20,31,,6
1405,2014-05-10,35,5,9,24,4,3,13,,10
1406,2014-05-17,6,40,19,36,23,26,31,,10
1407,2014-05-24,22,35,10,24,16,14,6,,8
1408,2014-05-31,7,26,35,27,34,32,19,,7
1409,2014-06-07,7,32,27,2,33,4,5,,3
1410,2014-06-14,8,20,11,39,40,4,9,,7
1411,2014-06-21,35,18,14,17,3,2,7,,7
1412,2014-06-28,1,14,36,3,38,2,15,,1
1413,2014-07-05,2,12,23,18,10,9,7,,2
1414,2014-07-12,14,37,30,36,31,21,40,,4
1415,2014-07-19,16,33,8,29,6,11,28,,7
1416,2014-07-26,13,40,14,27,38,31,6,,2
1417,2014-08-02,20,4,37,34,22,36,33,,2
1418,2014-08-09,25,18,7,14,30,17,33,,10
1419,2014-08-16,24,2,26,29,33,10,28,,9
1420,2014-08-23,25,16,4,37,29,20,27,,10
1421,2014-08-30,19,39,10,35,15,17,37,,6
1422,2014-09-06,38,35,14,4,17,3,21,,1
1423,2014-09-13,5,19,27,14,21,7,23,,1
1424,2014-09-20,22,26,37,33,30,3,10,,2
1425,2014-09-27,40,38,20,28,15,19,17,,8
1426,2014-10-04,11,19,2,17,26,28,34,,10
1427,2014-10-11,39,4,25,10,24,20,40,,10
1428,2014-10-18,40,27,15,32,36,2,37,,8
1429,2014-10-25,9,31,35,19,28,2,7,,4
1430,2014-11-01,26,12,32,3,37,14,10,,6
1431,2014-11-08,35,39,24,36,25,9,32,,2
1432,2014-11-15,28,34,40,16,27,23,2,,4
1433,2014-11-22,37,17,3,23,34,28,10,,3
1434,2014-11-29,5,39,1,2,28,23,19,,4
1435,2014-12-06,14,21,26,19,23,11,34,,8
1436,2014-12-13,18,38,33,8,21,28,1,,5
1437,2014-12-20,37,33,22,5,20,29,35,,1
1438,2014-12-27,24,19,10,15,9,28,37,,8
1439,2015-01-03,27,6,4,17,31,32,11,,9
1440,2015-01-10,19,15,39,27,2,37,26,,10
1441,2015-01-17,40,19,15,32,35,30,18,,6
1442,2015-01-24,27,8,19,28,24,22,3,,4
1443,2015-01-31,31,32,16,28,8,15,30,,6
1444,2015-02-07,39,17,14,13,18,40,37,,6
1445,2015-02-14,20,5,1,16,30,34,21,,9
1446,2015-02-21,21,18,26,6,39,31,23,,6
1447,2015-02-28,40,5,25,30,31,6,17,,1
1448,2015-03-07,26,1,30,24,2,6,15,,3
1449,2015-03-14,26,34,18,13,40,12,37,,6
1450,2015-03-21,14,20,8,33,5,17,18,,4
1451,2015-03-28,15,14,4,33,27,9,28,,7
1452,2015-04-04,1,9,7,32,17,2,15,,8
1453,2015-04-11,19,33,21,3,4,26,20,,4
1454,2015-04-18,37,21,15,23,6,18,10,,9
1455,2015-04-25,25,14,15,20,10,37,4,,7
1456,2015-05-02,36,8,37,27,13,32,24,,7
1457,2015-05-09,22,32,9,33,25,35,14,,10
1458,2015-05-16,1,32,5,38,31,3,17,,2
1459,2015-05-23,37,3,9,1,36,34,40,,2
1460,2015-05-30,33,14,10,8,17,34,9,,10
1461,2015-06-06,29,32,37,10,19,1,16,,5
1462,2015-06-13,9,12,20,35,17,38,34,,6
1463,2015-06-20,21,18,40,37,15,36,38,,6
1464,2015-06-27,13,8,33,18,25,9,22,,3
1465,2015-07-04,38,16,10,7,3,18,5,,3
1466,2015-07-11,15,36,17,8,31,11,32,,6
1467,2015-07-18,18,19,37,26,35,12,15,,2
1468,2015-07-25,36,18,9,22,39,15,34,,5
1469,2015-08-01,35,19,6,18,20,8,4,,7
1470,2015-08-08,2,22,13,39,26,18,38,,4
1471,2015-08-15,12,22,35,40,4,26,8,,2
1472,2015-08-22,20,38,26,8,3,1,15,,1
1473,2015-08-29,34,3,31,37,17,39,5,,4
1474,2015-09-05,35,40,1,11,31,19,2,,6
1475,2015-09-12,19,16,34,35,17,24,3,,1
1476,2015-09-19,27,14,15,39,1,33,25,,3
1477,2015-09-26,26,34,18,23,22,1,13,,5
1478,2015-10-03,22,38,17,1,26,23,29,,8
1479,2015-10-07,14,28,23,7,3,31,18,,10
1480,2015-10-10,30,16,28,27,23,12,17,,3
1481,2015-10-14,26,15,9,30,19,21,11,,5
1482,2015-10-17,24,12,6,34,1,26,33,,3
1483,2015-10-21,23,12,13,2,16,31,15,,5
1484,2015-10-24,31,34,20,12,39,7,14,,5
1485,2015-10-28,14,28,23,15,33,24,3,,7
1486,2015-10-31,9,24,37,20,4,26,7,,8
1487,2015-11-04,14,18,38,37,10,17,11,,2
1488,2015-11-07,13,39,19,21,16,14,24,,4
1489,2015-11-11,35,23,12,21,8,29,16,,6
1490,2015-11-14,40,5,10,15,9,3,24,,2
1491,2015-11-18,22,18,19,17,20,40,13,,7
1492,2015-11-21,6,31,19,40,35,15,23,,3
1493,2015-11-25,24,27,12,36,25,39,2,,7
1494,2015-11-28,17,19,27,13,7,29,4,,4
1495,2015-12-02,27,18,14,5,15,21,4,,8
1496,2015-12-05,15,12,2,23,25,9,34,,8
1497,2015-12-09,38,11,13,23,34,30,18,,4
1498,2015-12-12,25,16,27,33,23,1,3,,6
1499,2015-12-16,19,4,18,14,5,21,26,,4
1500,2015-12-19,31,13,17,14,18,20,16,,1
1501,2015-12-23,23,28,2,1,7,13,10,,6
1502,2015-12-26,36,4,16,7,27,38,1,,7
1503,2015-12-30,24,19,40,27,11,36,18,,2
1504,2016-01-02,5,32,24,30,22,1,11,,8
1505,2016-01-06,28,40,13,29,9,27,1,,4
1506,2016-01-09,3,8,37,31,30,21,24,,8
1507,2016-01-13,35,28,3,15,39,22,29,,3
1508,2016-01-16,5,34,26,38,40,33,24,,2
1509,2016-01-20,17,12,34,4,28,24,16,,10
1510,2016-01-23,25,17,7,14,2,16,20,,10
1511,2016-01-27,11,7,6,32,13,34,30,,1
1512,2016-01-30,10,21,29,28,37,14,30,,5
1513,2016-02-03,10,15,14,5,18,11,37,,7
1514,2016-02-06,36,37,34,30,8,28,14,,4
1515,2016-02-10,18,17,13,19,11,12,7,,5
1516,2016-02-13,8,17,7,9,35,3,10,,9
1517,2016-02-17,3,10,24,33,30,20,25,,9
1518,2016-02-20,31,22,5,33,11,20,24,,6
1519,2016-02-24,2,17,19,29,5,20,24,,5
1520,2016-02-27,22,33,30,15,18,14,19,,1
1521,2016-03-02,35,26,5,11,22,21,6,,9
1522,2016-03-05,17,1,8,5,29,35,24,,1
1523,2016-03-09,16,18,15,17,9,28,21,,4
1524,2016-03-12,15,25,12,9,21,7,8,,2
1525,2016-03-16,9,39,37,18,8,23,11,,5
1526,2016-03-19,7,1,38,12,24,5,17,,1
1527,2016-03-23,6,12,31,16,18,37,10,,7
1528,2016-03-26,35,36,12,9,18,14,39,,2
1529,2016-03-30,27,12,22,13,24,23,1,,10
1530,2016-04-02,28,10,7,13,31,21,30,,3
1531,2016-04-06,28,7,40,27,22,36,9,,10
1532,2016-04-09,22,5,9,35,30,1,8,,1
1533,2016-04-13,36,17,29,15,4,14,19,,7
1534,2016-04-16,4,28,35,19,3,20,25,,4
1535,2016-04-20,3,9,12,21,2,26,17,,8
1536,2016-04-23,21,26,30,37,19,24,2,,7
1537,2016-04-27,12,32,15,29,20,1,10,,8
1538,2016-04-30,20,11,36,22,31,23,3,,1
1539,2016-05-04,19,40,13,26,3,39,35,,4
1540,2016-05-07,25,13,19,32,12,38,27,,4
1541,2016-05-11,27,15,9,40,32,22,33,,2
1542,2016-05-14,18,40,3,13,6,34,15,,1
1543,2016-05-18,30,14,23,25,38,20,9,,2
1544,2016-05-21,8,37,11,26,27,24,39,,8
1545,2016-05-25,40,13,19,32,30,29,31,,2
1546,2016-05-28,32,33,6,29,9,40,5,,1
1547,2016-06-01,12,7,14,32,18,31,15,,9
1548,2016-06-04,33,35,20,7,32,19,8,,4
1549,2016-06-08,40,16,39,24,32,21,1,,1
1550,2016-06-11,17,2,1,18,16,7,13,,7
1551,2016-06-15,8,24,28,30,36,32,6,,6
1552,2016-06-18,34,17,33,23,2,36,24,,5
1553,2016-06-22,37,10,9,13,14,25,22,,6
1554,2016-06-25,19,24,15,25,29,21,5,,4
1555,2016-06-29,1,32,31,25,6,7,35,,6
1556,2016-07-02,5,28,20,13,6,39,12,,3
1557,2016-07-06,29,30,1,6,14,12,32,,9
1558,2016-07-09,29,27,37,18,33,3,36,,7
1559,2016-07-13,22,32,14,4,17,16,18,,2
1560,2016-07-16,24,26,30,8,10,40,23,,8
1561,2016-07-20,6,38,25,39,15,34,9,,2
1562,2016-07-23,25,21,33,9,6,5,24,,1
1563,2016-07-27,30,3,7,20,18,22,31,,6
1564,2016-07-30,27,29,4,26,15,8,30,,2
1565,2016-08-03,35,10,33,15,29,28,21,,2
1566,2016-08-06,34,18,10,8,23,28,37,,5
1567,2016-08-10,36,11,5,14,31,4,39,,1
1568,2016-08-13,21,23,26,24,40,22,28,,2
1569,2016-08-17,3,10,6,2,26,14,11,,7
1570,2016-08-20,27,36,19,29,28,11,32,,10
1571,2016-08-24,17,38,14,15,39,32,40,,3
1572,2016-08-27,15,9,6,25,7,4,34,,9
1573,2016-08-31,37,21,28,33,31,16,32,,7
1574,2016-09-03,34,25,24,18,32,27,7,,4
1575,2016-09-07,39,7,32,22,36,29,18,,5
1576,2016-09-10,11,18,5,10,15,38,6,,1
1577,2016-09-14,3,14,40,18,23,8,13,,2
1578,2016-09-17,40,6,22,25,34,16,37,,4
1579,2016-09-21,17,11,31,34,10,21,15,,10
1580,2016-09-24,39,14,27,17,32,11,34,,4
1581,2016-09-28,38,15,3,27,5,37,32,,4
1582,2016-10-01,16,7,11,26,30,23,27,,1
1583,2016-10-05,24,36,12,37,11,30,6,,7
1584,2016-10-08,19,29,2,23,28,22,17,,10
1585,2016-10-12,12,14,11,5,1,15,35,,7
1586,2016-10-15,8,15,20,35,29,39,21,,5
1587,2016-10-19,30,21,28,20,18,9,15,,6
1588,2016-10-22,20,21,35,19,17,26,4,,7
1589,2016-10-26,29,4,3,11,28,6,32,,7
1590,2016-10-29,22,19,30,23,15,36,31,,9
1591,2016-11-02,29,25,9,36,2,13,11,,6
1592,2016-11-05,24,16,3,40,11,38,35,,7
1593,2016-11-09,3,21,22,1,30,29,5,,6
1594,2016-11-12,27,33,38,32,13,4,35,,2
1595,2016-11-16,32,7,4,11,17,37,13,,3
1596,2016-11-19,28,20,10,23,13,17,9,,7
1597,2016-11-23,6,2,1,30,40,7,36,,10
1598,2016-11-26,17,29,36,31,23,19,13,,9
1599,2016-11-30,37,33,26,11,29,32,9,,1
1600,2016-12-03,15,6,37,10,28,5,29,,9
1601,2016-12-07,10,12,24,26,34,19,16,,10
1602,2016-12-10,19,14,33,24,35,36,27,,9
1603,2016-12-14,24,12,10,40,29,21,19,,1
1604,2016-12-17,2,26,12,22,31,24,8,,5
1605,2016-12-21,32,5,1,26,13,30,27,,5
1606,2016-12-24,9,6,25,26,3,28,31,,4
1607,2016-12-28,36,17,19,35,28,22,11,,6
1608,2016-12-31,6,11,8,34,16,21,12,,9
1609,2017-01-04,27,26,16,25,4,13,1,,1
1610,2017-01-07,8,30,23,38,16,37,28,,6
1611,2017-01-11,29,22,13,32,40,9,16,,5
1612,2017-01-14,38,31,32,1,11,2,27,,5
1613,2017-01-18,14,25,31,8,21,13,6,,4
1614,2017-01-21,13,20,3,34,30,7,19,,3
1615,2017-01-25,14,34,22,36,1,27,5,,3
1616,2017-01-28,17,6,19,8,9,10,37,,4
1617,2017-02-01,13,31,25,35,2,18,15,,8
1618,2017-02-04,17,2,16,39,38,3,31,,2
1619,2017-02-08,40,25,4,39,35,6,23,,5
1620,2017-02-11,11,15,35,23,17,30,29,,10
1621,2017-02-15,32,3,29,28,5,36,20,,1
1622,2017-02-18,35,14,24,28,10,6,30,,7
1623,2017-02-22,34,6,30,14,36,19,12,,3
1624,2017-02-25,34,25,39,37,27,33,18,,4
1625,2017-03-01,1,21,11,18,38,22,27,,10
1626,2017-03-04,14,35,1,25,7,38,27,,9
1627,2017-03-08,13,3,5,36,2,4,1,,5
1628,2017-03-11,36,12,32,11,9,22,20,,9
1629,2017-03-15,1,32,5,40,38,23,18,,2
1630,2017-03-18,28,17,33,23,10,27,40,,6
1631,2017-03-22,11,37,28,2,29,24,27,,4
1632,2017-03-25,37,4,9,24,38,10,36,,8
1633,2017-03-29,15,35,4,28,9,38,37,,9
1634,2017-04-01,22,25,20,2,19,33,34,,8
1635,2017-04-05,2,26,36,11,1,9,21,,10
1636,2017-04-08,23,32,20,35,30,39,38,,10
1637,2017-04-12,13,2,27,23,26,32,22,,3
1638,2017-04-15,15,14,27,29,24,2,39,,8
1639,2017-04-19,34,28,2,26,11,1,8,,9
1640,2017-04-22,16,33,36,26,1,9,22,,2
1641,2017-04-26,12,38,17,16,25,39,7,,6
1642,2017-04-29,19,32,30,36,1,25,23,,9
1643,2017-05-03,36,24,19,10,11,16,18,,3
1644,2017-05-06,26,5,23,34,4,11,32,,2
1645,2017-05-10,15,4,3,9,33,1,38,,6
1646,2017-05-13,31,7,3,2,37,26,4,,5
1647,2017-05-17,12,9,28,10,30,11,16,,8
1648,2017-05-20,6,1,31,14,20,16,19,,2
1649,2017-05-24,20,9,32,19,38,17,7,,4
1650,2017-05-27,9,8,3,36,28,2,18,,10
1651,2017-05-31,2,36,9,1,5,12,22,,6
1652,2017-06-03,23,13,29,31,14,18,2,,1
1653,2017-06-07,39,9,7,16,24,26,22,,1
1654,2017-06-10,7,1,31,9,35,37,20,,9
1655,2017-06-14,3,6,13,40,36,7,35,,6
1656,2017-06-17,37,5,3,7,6,33,20,,9
1657,2017-06-21,36,29,17,32,3,40,24,,9
1658,2017-06-24,25,11,29,34,39,40,10,,8
1659,2017-06-28,1,10,18,27,40,26,6,,5
1660,2017-07-01,21,35,12,10,8,4,1,,5
1661,2017-07-05,19,27,11,9,31,39,20,,6
1662,2017-07-08,10,13,30,23,9,25,34,,9
1663,2017-07-12,18,26,5,21,30,32,1,,9
1664,2017-07-15,37,17,40,18,21,34,12,,1
1665,2017-07-19,26,36,35,14,13,34,37,,3
1666,2017-07-22,13,35,36,2,19,25,6,,5
1667,2017-07-26,4,5,40,12,34,21,17,,9
1668,2017-07-29,40,13,10,33,24,29,4,,9
1669,2017-08-02,26,6,28,8,2,1,29,,3
1670,2017-08-05,31,16,35,22,29,30,17,,10
1671,2017-08-09,32,12,4,19,7,37,11,,9
1672,2017-08-12,30,23,21,2,14,31,36,,9
1673,2017-08-16,10,23,14,18,8,32,22,,10
1674,2017-08-19,17,4,22,32,28,27,18,,8
1675,2017-08-23,10,26,39,25,4,7,13,,4
1676,2017-08-26,33,29,11,35,6,4,31,,8
1677,2017-08-30,17,16,14,27,12,9,2,,6
1678,2017-09-02,20,22,10,30,21,37,39,,4
1679,2017-09-06,3,27,30,25,7,28,40,,9
1680,2017-09-09,23,10,29,13,16,36,30,,9
1681,2017-09-13,19,35,10,21,18,25,38,,7
1682,2017-09-16,37,3,24,20,9,15,16,,1
1683,2017-09-20,20,35,10,33,36,16,15,,9
1684,2017-09-23,31,6,7,35,15,19,11,,4
1685,2017-09-27,27,15,22,34,12,1,13,,5
1686,2017-09-30,32,24,4,34,25,16,14,,2
1687,2017-10-04,5,33,3,37,21,2,24,,4
1688,2017-10-07,23,35,1,20,25,12,3,,1
1689,2017-10-11,4,29,33,24,35,15,3,,2
1690,2017-10-14,4,38,7,31,11,3,25,,5
1691,2017-10-18,11,14,15,22,13,32,3,,7
1692,2017-10-21,13,15,22,5,29,24,38,,8
1693,2017-10-25,22,19,3,25,1,23,31,,8
1694,2017-10-28,37,10,12,23,1,9,13,,5
1695,2017-11-01,3,29,39,17,19,23,18,,1
1696,2017-11-04,5,28,12,25,3,40,34,,10
1697,2017-11-08,27,15,13,25,8,17,38,,5
1698,2017-11-11,18,39,14,3,26,38,40,,9
1699,2017-11-15,7,32,2,26,16,33,12,,5
1700,2017-11-18,31,28,36,11,20,12,34,,2
1701,2017-11-22,12,8,5,36,28,18,40,,5
1702,2017-11-25,25,34,37,24,7,22,19,,7
1703,2017-11-29,5,24,9,17,14,31,8,,2
1704,2017-12-02,23,14,2,21,15,32,18,,4
1705,2017-12-06,3,7,21,19,40,16,27,,5
1706,2017-12-09,4,8,16,22,15,5,25,,3
1707,2017-12-13,6,39,37,11,10,34,30,,7
1708,2017-12-16,23,28,30,19,33,11,16,,3
1709,2017-12-20,17,12,14,3,1,33,40,,2
1710,2017-12-23,17,29,38,25,19,15,7,,4
1711,2017-12-27,22,28,16,30,15,3,5,,4
1712,2017-12-30,12,32,1,21,3,20,13,,5
1713,2018-01-03,21,35,20,8,34,38,12,,3
1714,2018-01-06,19,40,13,33,10,15,32,,1
1715,2018-01-10,8,1,16,2,4,26,39,,10
1716,2018-01-13,37,33,11,39,29,18,2,,10
1717,2018-01-17,19,3,18,23,22,15,20,,2
1718,2018-01-20,20,17,26,1,39,12,7,,1
1719,2018-01-24,28,1,24,25,20,16,22,,6
1720,2018-01-27,37,29,8,6,23,26,17,,7
1721,2018-01-31,16,11,39,31,5,10,28,,5
1722,2018-02-03,29,11,38,2,30,15,36,,7
1723,2018-02-07,25,11,29,39,17,34,1,,5
1724,2018-02-10,5,33,2,4,30,22,16,,7
1725,2018-02-14,14,35,23,26,36,37,30,,6
1726,2018-02-17,30,35,29,37,31,36,19,,5
1727,2018-02-21,9,31,17,3,25,11,10,,3
1728,2018-02-24,19,2,32,40,16,25,36,,2
1729,2018-02-28,10,40,18,20,16,3,35,,2
1730,2018-03-03,2,19,34,35,38,12,3,,9
1731,2018-03-07,25,3,34,29,23,15,1,,6
1732,2018-03-10,40,34,1,37,12,14,22,,10
1733,2018-03-14,20,18,28,19,17,24,30,,3
1734,2018-03-17,24,19,15,25,40,16,31,,4
1735,2018-03-21,35,13,38,29,14,9,27,,1
1736,2018-03-24,15,37,22,18,21,12,32,,5
1737,2018-03-28,36,1,34,37,12,28,40,,7
1738,2018-03-31,11,6,16,4,23,2,40,,9
1739,2018-04-04,22,38,1,15,14,13,32,,3
1740,2018-04-07,1,10,19,13,17,23,32,,3
1741,2018-04-11,21,34,33,7,16,40,9,,4
1742,2018-04-14,21,3,34,35,25,14,23,,10
1743,2018-04-18,1,35,20,19,24,39,12,,6
1744,2018-04-21,2,9,15,27,32,10,18,,3
1745,2018-04-25,36,7,15,23,27,3,11,,3
1746,2018-04-28,16,40,36,5,11,4,2,,4
1747,2018-05-02,25,28,8,2,29,7,11,,7
1748,2018-05-05,6,11,20,40,34,16,19,,9
1749,2018-05-09,25,21,40,19,23,20,6,,6
1750,2018-05-12,12,10,4,40,38,33,27,,1
1751,2018-05-16,14,16,29,28,13,1,37,,2
1752,2018-05-19,6,31,25,13,3,37,34,,5
1753,2018-05-23,38,21,39,1,14,23,7,,5
1754,2018-05-26,13,36,2,37,18,17,40,,9
1755,2018-05-30,22,29,18,34,28,14,12,,10
1756,2018-06-02,14,29,8,12,7,5,10,,7
1757,2018-06-06,31,16,23,9,25,32,37,,7
1758,2018-06-09,20,9,4,3,2,24,30,,9
1759,2018-06-13,10,36,12,37,9,18,1,,4
1760,2018-06-16,17,8,22,7,14,34,3,,10
1761,2018-06-20,27,1,6,26,33,4,19,,9
1762,2018-06-23,4,39,17,30,15,18,31,,4
1763,2018-06-27,22,2,34,19,24,27,21,,2
1764,2018-06-30,23,29,12,16,39,31,25,,1
1765,2018-07-04,21,13,38,6,30,35,25,,2
1766,2018-07-07,29,10,30,15,33,18,27,,9
1767,2018-07-11,22,23,18,20,35,15,4,,6
1768,2018-07-14,14,17,5,18,33,19,10,,9
1769,2018-07-18,33,13,5,24,39,2,1,,6
1770,2018-07-21,1,12,34,8,10,31,20,,6
1771,2018-07-25,35,19,18,10,16,28,9,,9
1772,2018-07-28,14,4,21,17,23,10,35,,1
1773,2018-08-01,5,21,31,22,34,4,17,,8
1774,2018-08-04,16,22,37,5,32,29,27,,10
1775,2018-08-08,37,14,25,18,20,17,24,,5
1776,2018-08-11,19,25,38,3,30,32,37,,2
1777,2018-08-15,35,18,12,33,4,27,19,,8
1778,2018-08-18,27,9,13,7,38,23,20,,3
1779,2018-08-22,28,2,25,5,15,10,33,,7
1780,2018-08-25,13,4,9,15,8,3,11,,6
1781,2018-08-29,12,8,21,2,7,32,10,,7
1782,2018-09-01,34,18,36,21,1,8,15,,10
1783,2018-09-05,35,4,12,30,13,33,37,,6
1784,2018-09-08,29,22,35,18,20,24,17,,2
1785,2018-09-12,1,3,8,11,19,36,37,,7
1786,2018-09-15,17,8,15,7,2,12,19,,2
1787,2018-09-19,3,13,7,11,9,5,36,,7
1788,2018-09-22,25,38,36,22,3,35,7,,2
1789,2018-09-26,32,22,36,26,40,23,35,,1
1790,2018-09-29,24,29,32,15,19,35,30,,4
1791,2018-10-03,39,1,28,16,32,40,27,,2
1792,2018-10-06,39,13,8,24,29,26,19,,2
1793,2018-10-10,13,4,37,12,9,2,16,,9
1794,2018-10-13,5,26,34,9,1,4,29,,5
1795,2018-10-17,26,17,10,5,33,21,25,,7
1796,2018-10-20,28,26,12,4,35,32,21,,1
1797,2018-10-24,24,37,33,19,9,39,10,,8
1798,2018-10-27,17,15,34,18,10,12,23,,2
1799,2018-10-31,14,11,15,10,32,16,37,,8
1800,2018-11-03,36,7,23,22,1,29,18,,2
1801,2018-11-07,15,1,22,40,39,12,7,,10
1802,2018-11-10,10,4,9,27,30,20,8,,6
1803,2018-11-14,8,6,20,31,24,27,1,,4
1804,2018-11-17,14,25,34,3,27,30,18,,7
1805,2018-11-21,8,25,7,22,40,32,31,,5
1806,2018-11-24,24,22,8,21,34,25,37,,5
1807,2018-11-28,19,30,38,20,18,31,24,,7
1808,2018-12-01,34,30,6,39,25,26,10,,3
1809,2018-12-05,23,5,18,1,24,25,14,,9
1810,2018-12-08,2,16,18,12,38,8,33,,10
1811,2018-12-12,37,3,29,20,32,30,11,,3
1812,2018-12-15,7,29,22,18,40,5,25,,6
1813,2018-12-19,23,37,2,30,14,22,35,,2
1814,2018-12-22,25,15,10,31,28,27,38,,3
1815,2018-12-26,40,29,24,3,32,30,20,,1
1816,2018-12-29,33,15,11,2,35,10,5,,8
1817,2019-01-02,22,31,15,39,11,35,16,,3
1818,2019-01-05,4,23,34,24,2,20,31,,2
1819,2019-01-09,4,40,11,23,6,12,10,,6
1820,2019-01-12,24,18,4,40,19,6,27,,6
1821,2019-01-16,3,8,35,30,21,22,37,,1
1822,2019-01-19,24,33,1,17,32,12,31,,5
1823,2019-01-23,11,40,10,3,31,13,35,,7
1824,2019-01-26,35,19,31,27,37,13,2,,6
1825,2019-01-30,40,25,2,38,17,22,8,,9
1826,2019-02-02,29,33,17,9,19,20,14,,2
1827,2019-02-06,6,15,14,26,8,31,34,,10
1828,2019-02-09,4,25,26,1,37,24,9,,7
1829,2019-02-13,2,31,26,27,5,6,16,,2
1830,2019-02-16,36,1,35,2,40,27,3,,4
1831,2019-02-20,7,28,23,22,20,1,39,,4
1832,2019-02-23,31,13,33,36,40,38,34,,9
1833,2019-02-27,31,36,1,32,9,38,8,,1
1834,2019-03-02,9,12,19,14,8,15,24,,1
1835,2019-03-06,21,7,16,32,4,36,15,,4
1836,2019-03-09,32,28,20,34,7,25,36,,8
1837,2019-03-13,8,23,39,14,31,7,25,,6
1838,2019-03-16,21,11,3,37,32,18,20,,5
1839,2019-03-20,33,10,23,30,21,12,6,,7
1840,2019-03-23,24,27,10,21,36,23,16,,3
1841,2019-03-27,10,7,5,13,17,37,25,,5
1842,2019-03-30,2,21,18,13,9,3,33,,1
1843,2019-04-03,30,7,35,12,38,10,24,,6
1844,2019-04-06,10,11,22,28,14,40,12,,8
1845,2019-04-10,40,32,33,22,31,17,6,,5
1846,2019-04-13,18,26,28,10,1,8,31,,2
1847,2019-04-17,34,35,9,21,27,18,11,,10
1848,2019-04-20,32,1,39,10,21,37,19,,2
1849,2019-04-24,35,19,20,38,16,31,23,,1
1850,2019-04-27,8,24,4,37,22,29,35,,2
1851,2019-05-01,38,32,7,17,37,16,9,,2
1852,2019-05-04,37,4,29,27,36,34,10,,8
1853,2019-05-08,7,19,11,8,9,28,38,,3
1854,2019-05-11,3,39,20,16,2,19,32,,3
1855,2019-05-15,14,13,5,21,37,27,22,,6
1856,2019-05-18,25,9,24,20,10,12,7,,1
1857,2019-05-22,16,3,12,28,14,2,7,,7
1858,2019-05-25,30,10,23,37,2,35,21,,4
1859,2019-05-29,30,10,20,40,8,26,5,,2
1860,2019-06-01,19,1,22,33,30,37,11,,6
1861,2019-06-05,27,28,17,39,26,5,33,,1
1862,2019-06-08,10,36,6,27,22,25,17,,10
1863,2019-06-12,7,39,2,8,6,23,32,,2
1864,2019-06-15,35,27,6,28,25,15,4,,5
1865,2019-06-19,4,30,19,11,33,31,7,,5
1866,2019-06-22,37,26,14,10,7,12,40,,8
1867,2019-06-26,32,29,39,38,15,30,28,,2
1868,2019-06-29,37,20,18,10,19,7,29,,7
1869,2019-07-03,31,38,39,1,15,22,5,,4
1870,2019-07-06,31,33,5,37,17,2,40,,5
1871,2019-07-10,28,33,35,5,12,38,37,,7
1872,2019-07-13,36,7,16,10,28,33,34,,4
1873,2019-07-17,16,10,1,18,26,27,30,,8
1874,2019-07-20,5,13,22,24,4,28,6,,6
1875,2019-07-24,6,27,25,32,23,22,8,,6
1876,2019-07-27,1,4,19,17,6,21,30,,5
1877,2019-07-31,25,40,4,16,10,22,35,,2
1878,2019-08-03,7,30,34,31,39,17,25,,9
1879,2019-08-07,24,40,25,3,7,11,35,,6
1880,2019-08-10,23,8,34,31,12,17,40,,8
1881,2019-08-14,15,40,23,31,35,19,8,,2
1882,2019-08-17,1,32,12,29,10,6,19,,2
1883,2019-08-21,8,15,23,21,17,6,29,,2
1884,2019-08-24,35,17,2,4,6,22,21,,8
1885,2019-08-28,25,15,24,4,23,19,21,,3
1886,2019-08-31,30,5,2,24,37,4,33,,9
1887,2019-09-04,22,30,39,4,6,20,38,,3
1888,2019-09-07,20,1,38,29,31,7,32,,2
1889,2019-09-11,32,8,38,13,7,24,17,,9
1890,2019-09-14,34,13,26,15,6,22,12,,4
1891,2019-09-18,21,26,11,36,19,7,17,,10
1892,2019-09-21,14,23,32,19,7,34,2,,3
1893,2019-09-25,21,31,15,22,5,3,9,,3
1894,2019-09-28,37,15,39,5,13,36,14,,2
1895,2019-10-02,6,22,4,32,3,25,13,,1
1896,2019-10-05,16,33,20,8,36,9,17,,5
1897,2019-10-09,29,15,5,27,38,22,13,,3
1898,2019-10-12,30,23,40,25,27,19,37,,1
1899,2019-10-16,22,29,14,7,17,5,9,,2
1900,2019-10-19,35,38,6,12,21,28,8,,6
1901,2019-10-23,26,39,20,2,3,24,22,,7
1902,2019-10-26,12,24,16,8,19,20,18,,10
1903,2019-10-30,10,39,5,11,36,7,20,,4
1904,2019-11-02,27,23,16,35,21,13,26,,10
1905,2019-11-06,9,10,19,1,7,15,26,,2
1906,2019-11-09,7,6,37,11,23,29,20,,6
1907,2019-11-13,22,17,2,9,10,31,18,,6
1908,2019-11-16,39,32,19,33,18,13,2,,6
1909,2019-11-20,2,11,1,17,35,30,7,,10
1910,2019-11-23,16,17,20,22,29,28,6,,5
1911,2019-11-27,28,1,9,26,4,22,23,,7
1912,2019-11-30,12,26,39,33,18,35,28,,5
1913,2019-12-04,1,16,30,15,22,8,19,,8
1914,2019-12-07,6,26,27,25,23,9,39,,8
1915,2019-12-11,7,11,16,39,2,28,5,,7
1916,2019-12-14,23,19,21,34,39,35,26,,5
1917,2019-12-18,32,6,24,19,34,21,30,,2
1918,2019-12-21,9,14,34,7,20,18,8,,5
1919,2019-12-25,35,16,13,15,6,38,33,,3
1920,2019-12-28,10,28,24,16,6,34,38,,2
1921,2020-01-01,23,38,33,14,40,34,10,,8
1922,2020-01-04,12,6,17,24,7,33,23,,2
1923,2020-01-08,23,2,25,4,6,24,38,,6
1924,2020-01-11,9,16,40,33,13,26,32,,3
1925,2020-01-15,35,4,6,29,21,32,2,,7
1926,2020-01-18,1,20,24,34,5,37,26,,2
1927,2020-01-22,29,35,14,1,36,39,5,,5
1928,2020-01-25,34,10,11,24,28,19,29,,9
1929,2020-01-29,26,10,28,27,31,21,24,,6
1930,2020-02-01,30,20,22,24,32,16,6,,7
1931,2020-02-05,31,15,3,40,6,2,30,,1
1932,2020-02-08,24,14,13,15,12,38,35,,10
1933,2020-02-12,2,11,25,21,32,20,7,,3
1934,2020-02-15,31,10,4,17,29,2,5,,1
1935,2020-02-19,25,35,12,31,24,16,1,,9
1936,2020-02-22,22,8,36,39,15,40,31,,10
1937,2020-02-26,30,8,2,33,21,3,13,,6
1938,2020-02-29,4,18,27,25,32,28,37,,3
1939,2020-03-04,30,39,36,5,14,40,7,,10
1940,2020-03-07,26,39,20,7,14,23,12,,2
1941,2020-03-11,22,29,21,13,40,8,37,,1
1942,2020-03-14,36,25,9,23,13,22,37,,2
1943,2020-03-18,36,12,18,2,28,20,32,,10
1944,2020-03-21,9,18,16,20,28,19,7,,5
1945,2020-03-25,17,8,27,7,10,21,29,,7
1946,2020-03-28,3,2,39,19,35,37,23,,10
